Symbol,Date,Avg,Best,Worst
APPL,2026-04-18 17:59:20,100.2473,103.5976,97.771
SPY,2026-04-18 21:33:49,658.8544,667.4616,652.4925
SPY,2026-04-19 23:40:56,658.6366,667.241,652.2768
SPY,2026-04-20 21:44:04,664.1988,671.7573,658.6121
SPY,2026-04-22 22:53:49,682.5423,757.55,636.46
SPY,2026-04-23 18:39:19,679.9501,687.9168,674.0617
SPY,2026-04-24 15:45:11,676.6387,743.61,638.64
SPY,2026-04-25 19:19:33,677.2287,686.8644,670.1066
SPY,2026-04-26 18:45:43,676.7675,736.13,647.93
SPY,2026-05-03 00:45:42,703.398,774.99,670.03
SPY,2026-05-03 00:45:58,703.4407,775.03,670.07
SPY,2026-05-03 00:46:19,703.1315,774.69,669.77
SPY,2026-05-03 18:41:54,704.3802,712.4887,698.387
SPY,2026-05-03 18:42:15,704.1432,712.2489,698.152
SPY,2026-05-03 23:37:46,704.5448,712.6552,698.5502
SPY,2026-05-03 23:37:59,704.359,712.4673,698.366
SPY,2026-05-03 23:38:08,704.7439,776.47,671.31
SPY,2026-05-03 23:38:29,704.3519,776.04,670.93
SPY,2026-05-03 23:38:29,704.3519,776.04,670.93
SPY,2026-05-03 23:38:38,704.4194,776.11,671.0
SPY,2026-05-03 23:38:51,704.4183,776.11,671.0
SPY,2026-05-03 23:39:13,704.8004,776.53,671.36
SPY,2026-05-03 23:39:34,704.4492,776.14,671.03
SPY,2026-05-03 23:39:56,704.8979,776.64,671.45
SPY,2026-05-03 23:40:17,704.3674,776.05,670.95
SPY,2026-05-03 23:40:39,704.9289,776.67,671.48
SPY,2026-05-03 23:41:01,704.399,776.09,670.98
SPY,2026-05-03 23:41:22,704.8463,776.58,671.41
SPY,2026-05-03 23:41:44,704.3579,776.04,670.94
SPY,2026-05-03 23:42:05,704.9056,776.65,671.46
SPY,2026-05-03 23:42:27,704.4343,776.13,671.01
SPY,2026-05-03 23:42:42,704.8844,776.62,671.44
SPY,2026-05-03 23:42:49,704.9242,776.67,671.48
SPY,2026-05-03 23:43:10,704.4491,776.14,671.03
SPY,2026-05-03 23:43:32,704.8838,776.62,671.44
SPY,2026-05-03 23:43:54,704.463,776.16,671.04
SPY,2026-05-03 23:44:15,704.9329,776.68,671.49
SPY,2026-05-03 23:44:37,704.4573,776.15,671.03
SPY,2026-05-03 23:44:58,704.8854,776.62,671.44
SPY,2026-05-03 23:45:20,704.4178,776.11,671.0
SPY,2026-05-03 23:45:42,704.8364,776.57,671.4
SPY,2026-05-03 23:46:03,704.4257,776.12,671.0
SPY,2026-05-03 23:46:25,704.8385,776.57,671.4
SPY,2026-05-03 23:46:46,704.44,776.13,671.02
SPY,2026-05-03 23:47:08,704.8884,776.63,671.45
SPY,2026-05-03 23:47:30,704.4304,776.12,671.01
SPY,2026-05-03 23:47:42,704.8638,776.6,671.42
SPY,2026-05-03 23:47:51,704.8629,776.6,671.42
SPY,2026-05-03 23:48:13,704.4094,776.1,670.99
SPY,2026-05-03 23:48:34,704.8092,776.54,671.37
SPY,2026-05-03 23:48:56,704.3962,776.09,670.98
SPY,2026-05-03 23:49:18,704.8609,776.6,671.42
SPY,2026-05-03 23:49:39,704.4697,776.17,671.05
SPY,2026-05-03 23:50:01,704.7907,776.52,671.35
SPY,2026-05-03 23:50:22,704.4027,776.09,670.98
SPY,2026-05-03 23:50:44,704.8209,776.55,671.38
SPY,2026-05-03 23:51:06,704.466,776.16,671.04
SPY,2026-05-03 23:51:27,704.8414,776.58,671.4
SPY,2026-05-03 23:51:49,704.4201,776.11,671.0
SPY,2026-05-03 23:52:11,704.827,776.56,671.39
SPY,2026-05-03 23:52:32,704.4586,776.15,671.04
SPY,2026-05-03 23:52:42,704.7212,776.44,671.29
SPY,2026-05-03 23:52:54,704.7189,776.44,671.28
SPY,2026-05-03 23:53:15,704.4423,776.14,671.02
SPY,2026-05-03 23:53:37,704.7615,776.49,671.32
SPY,2026-05-03 23:53:59,704.4419,776.14,671.02
SPY,2026-05-03 23:54:20,704.6784,776.4,671.25
SPY,2026-05-03 23:54:42,704.4212,776.11,671.0
SPY,2026-05-03 23:55:03,704.7911,776.52,671.35
SPY,2026-05-03 23:55:25,704.4736,776.17,671.05
SPY,2026-05-03 23:55:47,704.7505,776.48,671.31
SPY,2026-05-03 23:56:08,704.4171,776.11,671.0
SPY,2026-05-03 23:56:30,704.6816,776.4,671.25
SPY,2026-05-03 23:56:51,704.5021,776.2,671.08
SPY,2026-05-03 23:57:13,704.7135,776.43,671.28
SPY,2026-05-03 23:57:35,704.4166,776.11,671.0
SPY,2026-05-03 23:57:42,704.64,776.35,671.21
SPY,2026-05-03 23:57:56,704.7018,776.42,671.27
SPY,2026-05-03 23:58:18,704.3998,776.09,670.98
SPY,2026-05-03 23:58:40,704.6539,776.37,671.22
SPY,2026-05-03 23:59:01,704.4368,776.13,671.02
SPY,2026-05-03 23:59:23,704.6782,776.4,671.25
SPY,2026-05-03 23:59:44,704.4908,776.19,671.07
SPY,2026-05-04 00:10:54,704.4628,776.16,671.04
SPY,2026-05-04 00:11:16,704.3698,776.06,670.95
SPY,2026-05-04 00:11:38,704.5432,776.25,671.12
SPY,2026-05-04 00:11:59,704.3392,776.02,670.92
SPY,2026-05-04 00:12:21,704.5389,776.24,671.11
SPY,2026-05-04 00:12:42,704.4204,776.11,671.0
SPY,2026-05-04 00:12:43,704.4204,776.11,671.0
SPY,2026-05-04 00:13:04,704.4907,776.19,671.07
SPY,2026-05-04 00:13:26,704.3533,776.04,670.94
SPY,2026-05-04 00:13:47,704.4602,776.16,671.04
SPY,2026-05-04 00:14:09,704.3377,776.02,670.92
SPY,2026-05-04 00:14:31,704.4977,776.2,671.07
SPY,2026-05-04 00:14:52,704.3711,776.06,670.95
SPY,2026-05-04 00:15:14,704.4352,776.13,671.01
SPY,2026-05-04 00:15:35,704.3683,776.05,670.95
SPY,2026-05-04 00:15:57,704.4978,776.2,671.07
SPY,2026-05-04 00:16:19,704.3123,775.99,670.9
SPY,2026-05-04 00:16:40,704.4547,776.15,671.03
SPY,2026-05-04 00:17:02,704.358,776.04,670.94
SPY,2026-05-04 00:17:23,704.4309,776.12,671.01
SPY,2026-05-04 00:17:43,704.3468,776.03,670.93
SPY,2026-05-04 00:17:45,704.3612,776.05,670.94
SPY,2026-05-04 00:18:07,704.4174,776.11,671.0
SPY,2026-05-04 00:18:28,704.3482,776.03,670.93
SPY,2026-05-04 00:18:50,704.4636,776.16,671.04
SPY,2026-05-04 00:19:11,704.3328,776.02,670.92
SPY,2026-05-04 00:19:33,704.4302,776.12,671.01
SPY,2026-05-04 00:19:55,704.3472,776.03,670.93
SPY,2026-05-04 00:20:16,704.4378,776.13,671.02
SPY,2026-05-04 00:20:38,704.4068,776.1,670.99
SPY,2026-05-04 00:20:59,704.4409,776.13,671.02
SPY,2026-05-04 00:21:21,704.3555,776.04,670.94
SPY,2026-05-04 00:21:43,704.4367,776.13,671.01
SPY,2026-05-04 00:22:04,704.334,776.02,670.92
SPY,2026-05-04 00:22:26,704.3929,776.08,670.97
SPY,2026-05-04 00:22:43,704.3418,776.03,670.92
SPY,2026-05-04 00:22:48,704.3348,776.02,670.92
SPY,2026-05-04 00:23:09,704.4129,776.1,670.99
SPY,2026-05-04 00:23:31,704.3154,776.0,670.9
SPY,2026-05-04 00:23:52,704.4235,776.12,671.0
SPY,2026-05-04 00:24:14,704.3568,776.04,670.94
SPY,2026-05-04 00:24:36,704.3921,776.08,670.97
SPY,2026-05-04 00:24:57,704.2613,775.94,670.85
SPY,2026-05-04 00:25:19,704.4196,776.11,671.0
SPY,2026-05-04 00:25:40,704.3441,776.03,670.93
SPY,2026-05-04 00:26:02,704.3876,776.08,670.97
SPY,2026-05-04 00:26:24,704.3501,776.03,670.93
SPY,2026-05-04 00:26:45,704.3654,776.05,670.95
SPY,2026-05-04 00:27:07,704.2911,775.97,670.88
SPY,2026-05-04 00:27:29,704.3427,776.03,670.93
SPY,2026-05-04 00:27:43,704.3038,775.98,670.89
SPY,2026-05-04 00:27:50,704.3676,776.05,670.95
SPY,2026-05-04 00:28:12,704.3539,776.04,670.94
SPY,2026-05-04 00:28:33,704.2705,775.95,670.86
SPY,2026-05-04 00:28:55,704.3512,776.04,670.93
SPY,2026-05-04 00:29:17,704.286,775.96,670.87
SPY,2026-05-04 00:29:38,704.3386,776.02,670.92
SPY,2026-05-04 00:30:00,704.3257,776.01,670.91
SPY,2026-05-04 00:30:21,704.3216,776.0,670.91
SPY,2026-05-04 00:30:43,704.3525,776.04,670.93
SPY,2026-05-04 00:31:05,704.3409,776.02,670.92
SPY,2026-05-04 00:31:26,704.2603,775.94,670.85
SPY,2026-05-04 00:31:48,704.3719,776.06,670.95
SPY,2026-05-04 00:32:09,704.2716,775.95,670.86
SPY,2026-05-04 00:32:31,704.3308,776.01,670.91
SPY,2026-05-04 00:32:43,704.3045,775.98,670.89
SPY,2026-05-04 00:32:53,704.3047,775.98,670.89
SPY,2026-05-04 00:33:14,704.3308,776.01,670.91
SPY,2026-05-04 00:33:36,704.2544,775.93,670.84
SPY,2026-05-04 00:33:57,704.2992,775.98,670.88
SPY,2026-05-04 00:34:19,704.2704,775.95,670.86
SPY,2026-05-04 00:34:41,704.3252,776.01,670.91
SPY,2026-05-04 00:35:02,704.3048,775.98,670.89
SPY,2026-05-04 00:35:24,704.3289,776.01,670.91
SPY,2026-05-04 00:35:46,704.2595,775.93,670.85
SPY,2026-05-04 00:36:07,704.3473,776.03,670.93
SPY,2026-05-04 00:36:29,704.268,775.94,670.85
SPY,2026-05-04 00:36:50,704.3372,776.02,670.92
SPY,2026-05-04 00:37:12,704.2755,775.95,670.86
SPY,2026-05-04 00:37:34,704.3408,776.02,670.92
SPY,2026-05-04 00:37:43,704.2673,775.94,670.85
SPY,2026-05-04 00:37:55,704.2712,775.95,670.86
SPY,2026-05-04 00:38:17,704.3273,776.01,670.91
SPY,2026-05-04 00:38:38,704.2494,775.92,670.84
SPY,2026-05-04 00:39:00,704.3754,776.06,670.96
SPY,2026-05-04 00:39:22,704.2694,775.95,670.86
SPY,2026-05-04 00:39:43,704.3536,776.04,670.94
SPY,2026-05-04 00:40:05,704.3006,775.98,670.89
SPY,2026-05-04 00:40:27,704.3006,775.98,670.89
SPY,2026-05-04 00:40:48,704.2944,775.97,670.88
SPY,2026-05-04 00:41:10,704.3607,776.05,670.94
SPY,2026-05-04 00:41:31,704.2422,775.92,670.83
SPY,2026-05-04 00:41:53,704.3206,776.0,670.9
SPY,2026-05-04 00:42:15,704.1991,775.87,670.79
SPY,2026-05-04 00:42:36,704.3635,776.05,670.95
SPY,2026-05-04 00:42:43,704.2739,775.95,670.86
SPY,2026-05-04 00:42:58,704.2563,775.93,670.84
SPY,2026-05-04 00:43:19,704.3081,775.99,670.89
SPY,2026-05-04 00:43:41,704.1548,775.82,670.75
SPY,2026-05-04 00:44:03,704.3101,775.99,670.89
SPY,2026-05-04 00:44:24,704.2625,775.94,670.85
SPY,2026-05-04 00:44:46,704.2881,775.97,670.87
SPY,2026-05-04 00:45:08,704.2944,775.97,670.88
SPY,2026-05-04 00:45:29,704.3221,776.0,670.91
SPY,2026-05-04 00:45:51,704.2237,775.89,670.81
SPY,2026-05-04 00:46:12,704.3351,776.02,670.92
SPY,2026-05-04 00:46:34,704.2115,775.88,670.8
SPY,2026-05-04 00:46:56,704.3191,776.0,670.9
SPY,2026-05-04 00:47:17,704.2096,775.88,670.8
SPY,2026-05-04 00:47:39,704.3283,776.01,670.91
SPY,2026-05-04 00:47:43,704.2242,775.9,670.81
SPY,2026-05-04 00:48:00,704.2371,775.91,670.82
SPY,2026-05-04 00:48:22,704.2802,775.96,670.87
SPY,2026-05-04 00:48:44,704.2801,775.96,670.87
SPY,2026-05-04 00:49:05,704.2903,775.97,670.88
SPY,2026-05-04 00:49:27,704.2569,775.93,670.84
SPY,2026-05-04 00:49:48,704.3261,776.01,670.91
SPY,2026-05-04 00:50:10,704.2458,775.92,670.83
SPY,2026-05-04 00:50:32,704.3272,776.01,670.91
SPY,2026-05-04 00:50:53,704.2436,775.92,670.83
SPY,2026-05-04 00:51:15,704.2763,775.95,670.86
SPY,2026-05-04 00:51:37,704.2221,775.89,670.81
SPY,2026-05-04 00:51:58,704.2575,775.93,670.84
SPY,2026-05-04 00:52:20,704.2296,775.9,670.82
SPY,2026-05-04 00:52:41,704.2354,775.91,670.82
SPY,2026-05-04 00:52:43,704.2321,775.9,670.82
SPY,2026-05-04 00:53:03,704.2524,775.93,670.84
SPY,2026-05-04 00:53:25,704.2874,775.97,670.87
SPY,2026-05-04 00:53:46,704.2754,775.95,670.86
SPY,2026-05-04 00:54:08,704.2486,775.92,670.84
SPY,2026-05-04 00:54:29,704.2225,775.89,670.81
SPY,2026-05-04 00:54:51,704.2589,775.93,670.85
SPY,2026-05-04 00:55:13,704.2665,775.94,670.85
SPY,2026-05-04 00:55:34,704.2839,775.96,670.87
SPY,2026-05-04 00:55:56,704.2738,775.95,670.86
SPY,2026-05-04 00:56:17,704.2874,775.97,670.87
SPY,2026-05-04 00:56:39,704.2775,775.95,670.86
SPY,2026-05-04 00:57:01,704.2379,775.91,670.83
SPY,2026-05-04 00:57:22,704.1983,775.87,670.79
SPY,2026-05-04 00:57:43,704.333,776.02,670.92
SPY,2026-05-04 00:57:44,704.2962,775.97,670.88
SPY,2026-05-04 00:58:06,704.1783,775.84,670.77
SPY,2026-05-04 00:58:27,704.2015,775.87,670.79
SPY,2026-05-04 00:58:49,704.2296,775.9,670.82
SPY,2026-05-04 00:59:10,704.2696,775.95,670.86
SPY,2026-05-04 00:59:32,704.2186,775.89,670.81
SPY,2026-05-04 00:59:54,704.243,775.92,670.83
SPY,2026-05-04 01:00:15,704.3007,775.98,670.89
SPY,2026-05-04 01:00:37,704.2808,775.96,670.87
SPY,2026-05-04 01:00:58,704.2012,775.87,670.79
SPY,2026-05-04 01:01:20,704.2127,775.88,670.8
SPY,2026-05-04 01:01:42,704.1939,775.86,670.78
SPY,2026-05-04 01:02:03,704.2622,775.94,670.85
SPY,2026-05-04 01:02:25,704.2437,775.92,670.83
SPY,2026-05-04 01:02:43,704.292,775.97,670.88
SPY,2026-05-04 01:02:46,704.2572,775.93,670.84
SPY,2026-05-04 01:03:08,704.2426,775.92,670.83
SPY,2026-05-04 01:03:30,704.2672,775.94,670.85
SPY,2026-05-04 01:03:51,704.2674,775.94,670.85
SPY,2026-05-04 01:04:13,704.2822,775.96,670.87
SPY,2026-05-04 01:04:31,704.2021,775.87,670.79
SPY,2026-05-04 01:04:53,704.1952,775.86,670.78
SPY,2026-05-04 01:05:14,704.2467,775.92,670.83
SPY,2026-05-04 01:05:36,704.3077,775.99,670.89
SPY,2026-05-04 01:05:57,704.2957,775.97,670.88
SPY,2026-05-04 01:06:19,704.2924,775.97,670.88
SPY,2026-05-04 01:06:41,704.2868,775.96,670.87
SPY,2026-05-04 01:07:02,704.2305,775.9,670.82
SPY,2026-05-04 01:07:24,704.2641,775.94,670.85
SPY,2026-05-04 01:07:40,704.2614,775.94,670.85
SPY,2026-05-04 01:07:45,704.2674,775.94,670.85
SPY,2026-05-04 01:08:07,704.2267,775.9,670.81
SPY,2026-05-04 01:08:29,704.254,775.93,670.84
SPY,2026-05-04 01:08:50,704.2466,775.92,670.83
SPY,2026-05-04 01:09:12,704.1981,775.87,670.79
SPY,2026-05-04 01:09:34,704.2153,775.89,670.8
SPY,2026-05-04 01:09:55,704.2771,775.95,670.86
SPY,2026-05-04 01:10:17,704.2479,775.92,670.84
SPY,2026-05-04 01:10:38,704.246,775.92,670.83
SPY,2026-05-04 01:11:00,704.1961,775.86,670.79
SPY,2026-05-04 01:11:22,704.2205,775.89,670.81
SPY,2026-05-04 01:11:43,704.221,775.89,670.81
SPY,2026-05-04 01:12:05,704.2277,775.9,670.82
SPY,2026-05-04 01:12:26,704.2039,775.87,670.79
SPY,2026-05-04 01:12:40,704.2047,775.87,670.79
SPY,2026-05-04 01:12:48,704.2546,775.93,670.84
SPY,2026-05-04 01:13:10,704.2317,775.9,670.82
SPY,2026-05-04 01:13:31,704.2987,775.98,670.88
SPY,2026-05-04 01:13:53,704.2362,775.91,670.82
SPY,2026-05-04 01:14:14,704.2615,775.94,670.85
SPY,2026-05-04 01:14:36,704.2409,775.91,670.83
SPY,2026-05-04 01:14:58,704.1957,775.86,670.79
SPY,2026-05-04 01:15:19,704.2139,775.88,670.8
SPY,2026-05-04 01:15:41,704.2443,775.92,670.83
SPY,2026-05-04 01:16:03,704.1989,775.87,670.79
SPY,2026-05-04 01:16:24,704.2016,775.87,670.79
SPY,2026-05-04 01:16:46,704.2393,775.91,670.83
SPY,2026-05-04 01:17:07,704.2296,775.9,670.82
SPY,2026-05-04 01:17:29,704.1941,775.86,670.78
SPY,2026-05-04 01:17:40,704.2815,775.96,670.87
SPY,2026-05-04 01:17:51,704.2165,775.89,670.81
SPY,2026-05-04 01:18:12,704.2554,775.93,670.84
SPY,2026-05-04 01:18:34,704.2551,775.93,670.84
SPY,2026-05-04 01:18:55,704.1831,775.85,670.77
SPY,2026-05-04 01:19:17,704.2566,775.93,670.84
SPY,2026-05-04 01:19:39,704.2274,775.9,670.82
SPY,2026-05-04 01:20:00,704.2803,775.96,670.87
SPY,2026-05-04 01:20:22,704.2186,775.89,670.81
SPY,2026-05-04 01:20:44,704.2406,775.91,670.83
SPY,2026-05-04 01:21:05,704.2532,775.93,670.84
SPY,2026-05-04 01:21:27,704.2231,775.89,670.81
SPY,2026-05-04 01:21:48,704.202,775.87,670.79
SPY,2026-05-04 01:22:10,704.2299,775.9,670.82
SPY,2026-05-04 01:22:32,704.1735,775.84,670.76
SPY,2026-05-04 01:22:40,704.247,775.92,670.83
SPY,2026-05-04 01:22:53,704.2667,775.94,670.85
SPY,2026-05-04 01:23:15,704.2293,775.9,670.82
SPY,2026-05-04 01:23:36,704.2403,775.91,670.83
SPY,2026-05-04 01:23:58,704.1334,775.8,670.73
SPY,2026-05-04 01:24:20,704.1959,775.86,670.79
SPY,2026-05-04 01:24:41,704.2009,775.87,670.79
SPY,2026-05-04 01:25:03,704.2382,775.91,670.83
SPY,2026-05-04 01:25:24,704.227,775.9,670.82
SPY,2026-05-04 01:25:46,704.2324,775.9,670.82
SPY,2026-05-04 01:26:08,704.2323,775.9,670.82
SPY,2026-05-04 01:26:29,704.2299,775.9,670.82
SPY,2026-05-04 01:26:51,704.234,775.91,670.82
SPY,2026-05-04 01:27:12,704.2585,775.93,670.85
SPY,2026-05-04 01:27:34,704.1918,775.86,670.78
SPY,2026-05-04 01:27:40,704.2334,775.91,670.82
SPY,2026-05-04 01:27:56,704.2755,775.95,670.86
SPY,2026-05-04 01:28:17,704.2144,775.88,670.8
SPY,2026-05-04 01:28:39,704.1945,775.86,670.78
SPY,2026-05-04 01:29:01,704.1812,775.85,670.77
SPY,2026-05-04 01:29:22,704.2634,775.94,670.85
SPY,2026-05-04 01:29:44,704.2298,775.9,670.82
SPY,2026-05-04 01:30:05,704.2768,775.95,670.86
SPY,2026-05-04 01:30:27,704.2288,775.9,670.82
SPY,2026-05-04 01:30:49,704.2641,775.94,670.85
SPY,2026-05-04 01:31:10,704.2996,775.98,670.88
SPY,2026-05-04 01:31:32,704.2437,775.92,670.83
SPY,2026-05-04 01:31:53,704.2467,775.92,670.83
SPY,2026-05-04 01:32:15,704.237,775.91,670.82
SPY,2026-05-04 01:32:37,704.2247,775.9,670.81
SPY,2026-05-04 01:32:40,704.2488,775.92,670.84
SPY,2026-05-04 01:32:58,704.2643,775.94,670.85
SPY,2026-05-04 01:33:20,704.2439,775.92,670.83
SPY,2026-05-04 01:33:41,704.1953,775.86,670.79
SPY,2026-05-04 01:34:03,704.1766,775.84,670.77
SPY,2026-05-04 01:34:25,704.2502,775.92,670.84
SPY,2026-05-04 01:34:46,704.1892,775.86,670.78
SPY,2026-05-04 01:35:08,704.2524,775.93,670.84
SPY,2026-05-04 01:35:30,704.2633,775.94,670.85
SPY,2026-05-04 01:35:51,704.2261,775.9,670.81
SPY,2026-05-04 01:36:13,704.2114,775.88,670.8
SPY,2026-05-04 01:36:34,704.2065,775.88,670.8
SPY,2026-05-04 01:36:56,704.2144,775.88,670.8
SPY,2026-05-04 01:37:18,704.2239,775.9,670.81
SPY,2026-05-04 01:37:39,704.2511,775.93,670.84
SPY,2026-05-04 01:37:40,704.251,775.93,670.84
SPY,2026-05-04 01:38:01,704.2136,775.88,670.8
SPY,2026-05-04 01:38:23,704.2728,775.95,670.86
SPY,2026-05-04 01:38:44,704.2126,775.88,670.8
SPY,2026-05-04 01:39:06,704.2653,775.94,670.85
SPY,2026-05-04 01:39:27,704.2441,775.92,670.83
SPY,2026-05-04 01:39:49,704.2009,775.87,670.79
SPY,2026-05-04 01:40:11,704.2132,775.88,670.8
SPY,2026-05-04 01:40:32,704.2434,775.92,670.83
SPY,2026-05-04 01:40:54,704.2173,775.89,670.81
SPY,2026-05-04 01:41:15,704.1539,775.82,670.75
SPY,2026-05-04 01:41:37,704.2415,775.91,670.83
SPY,2026-05-04 01:41:59,704.2007,775.87,670.79
SPY,2026-05-04 01:42:20,704.2906,775.97,670.88
SPY,2026-05-04 01:42:40,704.2306,775.9,670.82
SPY,2026-05-04 01:42:42,704.2076,775.88,670.8
SPY,2026-05-04 01:43:03,704.2153,775.89,670.8
SPY,2026-05-04 01:43:25,704.2557,775.93,670.84
SPY,2026-05-04 01:43:47,704.2594,775.93,670.85
SPY,2026-05-04 01:44:08,704.2249,775.9,670.81
SPY,2026-05-04 01:44:30,704.2414,775.91,670.83
SPY,2026-05-04 01:44:52,704.1767,775.84,670.77
SPY,2026-05-04 01:45:13,704.259,775.93,670.85
SPY,2026-05-04 01:45:35,704.2395,775.91,670.83
SPY,2026-05-04 01:45:56,704.2296,775.9,670.82
SPY,2026-05-04 01:46:18,704.2777,775.95,670.86
SPY,2026-05-04 01:46:40,704.2414,775.91,670.83
SPY,2026-05-04 01:47:01,704.2076,775.88,670.8
SPY,2026-05-04 01:47:23,704.2729,775.95,670.86
SPY,2026-05-04 01:47:40,704.199,775.87,670.79
SPY,2026-05-04 01:47:44,704.1641,775.83,670.76
SPY,2026-05-04 01:48:06,704.2245,775.9,670.81
SPY,2026-05-04 01:48:28,704.2673,775.94,670.85
SPY,2026-05-04 01:48:49,704.2759,775.95,670.86
SPY,2026-05-04 01:49:11,704.2457,775.92,670.83
SPY,2026-05-04 01:49:33,704.2487,775.92,670.84
SPY,2026-05-04 01:49:54,704.2431,775.92,670.83
SPY,2026-05-04 01:50:16,704.3332,776.02,670.92
SPY,2026-05-04 01:50:37,704.2598,775.93,670.85
SPY,2026-05-04 01:50:59,704.2481,775.92,670.84
SPY,2026-05-04 01:51:21,704.1886,775.86,670.78
SPY,2026-05-04 01:51:42,704.2492,775.92,670.84
SPY,2026-05-04 01:52:04,704.1549,775.82,670.75
SPY,2026-05-04 01:52:25,704.2551,775.93,670.84
SPY,2026-05-04 01:52:40,704.2426,775.92,670.83
SPY,2026-05-04 01:52:47,704.1553,775.82,670.75
SPY,2026-05-04 01:53:09,704.1842,775.85,670.77
SPY,2026-05-04 01:53:30,704.2012,775.87,670.79
SPY,2026-05-04 01:53:52,704.2456,775.92,670.83
SPY,2026-05-04 01:54:13,704.2448,775.92,670.83
SPY,2026-05-04 01:54:35,704.2471,775.92,670.83
SPY,2026-05-04 01:54:57,704.1875,775.86,670.78
SPY,2026-05-04 01:55:18,704.1934,775.86,670.78
SPY,2026-05-04 01:55:40,704.2011,775.87,670.79
SPY,2026-05-04 01:56:02,704.2256,775.9,670.81
SPY,2026-05-04 01:56:23,704.2398,775.91,670.83
SPY,2026-05-04 01:56:45,704.2671,775.94,670.85
SPY,2026-05-04 01:57:06,704.2173,775.89,670.81
SPY,2026-05-04 01:57:28,704.2687,775.94,670.85
SPY,2026-05-04 01:57:40,704.212,775.88,670.8
SPY,2026-05-04 01:57:50,704.2998,775.98,670.88
SPY,2026-05-04 01:58:11,704.1938,775.86,670.78
SPY,2026-05-04 01:58:33,704.2187,775.89,670.81
SPY,2026-05-04 01:58:55,704.2193,775.89,670.81
SPY,2026-05-04 01:59:16,704.2608,775.94,670.85
SPY,2026-05-04 01:59:38,704.2873,775.97,670.87
SPY,2026-05-04 02:00:00,704.227,775.9,670.82
SPY,2026-05-04 02:00:21,704.2337,775.91,670.82
SPY,2026-05-04 02:00:43,704.2233,775.89,670.81
SPY,2026-05-04 02:01:04,704.288,775.97,670.87
SPY,2026-05-04 02:01:26,704.1763,775.84,670.77
SPY,2026-05-04 02:01:48,704.2574,775.93,670.84
SPY,2026-05-04 02:02:09,704.2301,775.9,670.82
SPY,2026-05-04 02:02:31,704.2506,775.92,670.84
SPY,2026-05-04 02:02:40,704.2312,775.9,670.82
SPY,2026-05-04 02:02:52,704.2372,775.91,670.82
SPY,2026-05-04 02:03:14,704.1959,775.86,670.79
SPY,2026-05-04 02:03:36,704.2321,775.9,670.82
SPY,2026-05-04 02:03:57,704.2074,775.88,670.8
SPY,2026-05-04 02:04:19,704.2087,775.88,670.8
SPY,2026-05-04 02:04:41,704.2175,775.89,670.81
SPY,2026-05-04 02:05:02,704.2336,775.91,670.82
SPY,2026-05-04 02:05:24,704.2258,775.9,670.81
SPY,2026-05-04 02:05:46,704.2063,775.88,670.8
SPY,2026-05-04 02:06:07,704.2419,775.92,670.83
SPY,2026-05-04 02:06:29,704.1947,775.86,670.78
SPY,2026-05-04 02:06:50,704.2497,775.92,670.84
SPY,2026-05-04 02:07:12,704.1835,775.85,670.77
SPY,2026-05-04 02:07:34,704.259,775.93,670.85
SPY,2026-05-04 02:07:41,704.2216,775.89,670.81
SPY,2026-05-04 02:07:55,704.2348,775.91,670.82
SPY,2026-05-04 02:08:17,704.2645,775.94,670.85
SPY,2026-05-04 02:08:39,704.2376,775.91,670.83
SPY,2026-05-04 02:09:00,704.2121,775.88,670.8
SPY,2026-05-04 02:09:22,704.2845,775.96,670.87
SPY,2026-05-04 02:09:43,704.2196,775.89,670.81
SPY,2026-05-04 02:10:05,704.2021,775.87,670.79
SPY,2026-05-04 02:10:27,704.2456,775.92,670.83
SPY,2026-05-04 02:10:48,704.2615,775.94,670.85
SPY,2026-05-04 20:40:05,703.3079,711.4041,697.3238
SPY,2026-05-04 20:40:26,703.0858,711.1794,697.1036
SPY,2026-05-05 12:25:06,705.6666,777.48,672.19
SPY,2026-05-05 12:25:28,703.9412,775.58,670.54
SPY,2026-05-05 12:25:49,705.7212,777.54,672.24
SPY,2026-05-05 12:26:11,703.7568,775.38,670.37
SPY,2026-05-05 12:26:32,705.7123,777.54,672.23
SPY,2026-05-05 12:26:54,703.4497,775.04,670.07
SPY,2026-05-05 12:27:15,705.7572,777.58,672.27
SPY,2026-05-05 12:27:37,703.3449,774.93,669.97
SPY,2026-05-05 12:27:59,705.6951,777.52,672.21
SPY,2026-05-05 12:28:20,703.1887,774.75,669.83
SPY,2026-05-05 12:28:42,705.4897,777.29,672.02
SPY,2026-05-05 12:29:03,703.1772,774.74,669.82
SPY,2026-05-05 12:29:19,705.3221,777.11,671.86
SPY,2026-05-05 12:29:25,705.3504,777.14,671.89
SPY,2026-05-05 12:29:47,703.2214,774.79,669.86
SPY,2026-05-05 12:30:08,705.0947,776.85,671.64
SPY,2026-05-05 12:30:30,703.2038,774.77,669.84
SPY,2026-05-05 12:30:52,704.9159,776.66,671.47
SPY,2026-05-05 12:31:13,703.2886,774.86,669.92
SPY,2026-05-05 12:31:35,704.7535,776.48,671.32
SPY,2026-05-05 12:31:56,703.4127,775.0,670.04
SPY,2026-05-05 12:32:18,704.564,776.27,671.14
SPY,2026-05-05 12:32:40,703.4208,775.01,670.05
SPY,2026-05-05 12:33:01,704.3684,776.05,670.95
SPY,2026-05-05 12:33:23,703.4064,774.99,670.03
SPY,2026-05-05 12:33:44,704.2119,775.88,670.8
SPY,2026-05-05 12:34:06,703.4075,775.0,670.03
SPY,2026-05-05 12:34:19,704.0681,775.72,670.66
SPY,2026-05-05 12:34:28,704.1063,775.77,670.7
SPY,2026-05-05 12:34:49,703.4444,775.04,670.07
SPY,2026-05-05 12:37:45,704.4868,712.2595,698.7418
SPY,2026-05-05 12:56:24,703.5755,777.36,669.25
AAPL,2026-04-23 18:39:23,271.4606,281.6072,263.9609
AAPL,2026-04-24 15:45:15,274.881,283.24,264.19
AAPL,2026-04-25 19:19:18,267.3453,277.9686,259.4932
AAPL,2026-04-26 18:45:46,267.3408,275.01,257.39
AAPL,2026-05-03 00:45:40,269.9948,279.19,259.16
AAPL,2026-05-03 00:45:42,270.0607,279.26,259.22
AAPL,2026-05-03 00:46:01,270.056,279.25,259.22
AAPL,2026-05-03 00:46:23,270.1016,279.3,259.26
AAPL,2026-05-03 18:41:57,269.6617,276.9493,264.2751
AAPL,2026-05-03 23:37:50,269.5226,276.8065,264.1388
AAPL,2026-05-03 23:37:59,269.6645,278.85,258.84
AAPL,2026-05-03 23:38:11,269.6791,278.86,258.86
AAPL,2026-05-03 23:38:29,269.6506,278.83,258.83
AAPL,2026-05-03 23:38:33,269.6577,278.84,258.84
AAPL,2026-05-03 23:38:38,269.6872,278.87,258.86
AAPL,2026-05-03 23:38:54,269.6787,278.86,258.86
AAPL,2026-05-03 23:39:16,269.7106,278.9,258.89
AAPL,2026-05-03 23:39:38,269.6822,278.87,258.86
AAPL,2026-05-03 23:39:59,269.7255,278.91,258.9
AAPL,2026-05-03 23:40:21,269.7631,278.95,258.94
AAPL,2026-05-03 23:40:43,269.7297,278.92,258.9
AAPL,2026-05-03 23:41:04,269.7361,278.92,258.91
AAPL,2026-05-03 23:41:26,269.7272,278.91,258.9
AAPL,2026-05-03 23:41:47,269.7349,278.92,258.91
AAPL,2026-05-03 23:42:09,269.7567,278.94,258.93
AAPL,2026-05-03 23:42:31,269.7413,278.93,258.92
AAPL,2026-05-03 23:42:42,269.7254,278.91,258.9
AAPL,2026-05-03 23:42:52,269.7824,278.97,258.96
AAPL,2026-05-03 23:43:14,269.7596,278.95,258.93
AAPL,2026-05-03 23:43:35,269.7496,278.94,258.92
AAPL,2026-05-03 23:43:57,269.7447,278.93,258.92
AAPL,2026-05-03 23:44:19,269.7802,278.97,258.95
AAPL,2026-05-03 23:44:40,269.7952,278.98,258.97
AAPL,2026-05-03 23:45:02,269.7717,278.96,258.94
AAPL,2026-05-03 23:45:24,269.7749,278.96,258.95
AAPL,2026-05-03 23:45:45,269.8122,279.0,258.98
AAPL,2026-05-03 23:46:07,269.8112,279.0,258.98
AAPL,2026-05-03 23:46:28,269.7953,278.98,258.97
AAPL,2026-05-03 23:46:50,269.8608,279.05,259.03
AAPL,2026-05-03 23:47:12,269.806,278.99,258.98
AAPL,2026-05-03 23:47:33,269.8028,278.99,258.97
AAPL,2026-05-03 23:47:42,269.7945,278.98,258.97
AAPL,2026-05-03 23:47:55,269.8399,279.03,259.01
AAPL,2026-05-03 23:48:16,269.83,279.02,259.0
AAPL,2026-05-03 23:48:38,269.8034,278.99,258.98
AAPL,2026-05-03 23:49:00,269.8276,279.02,259.0
AAPL,2026-05-03 23:49:21,269.7935,278.98,258.97
AAPL,2026-05-03 23:49:43,269.8493,279.04,259.02
AAPL,2026-05-03 23:50:04,269.8484,279.04,259.02
AAPL,2026-05-03 23:50:26,269.8423,279.03,259.01
AAPL,2026-05-03 23:50:48,269.856,279.05,259.03
AAPL,2026-05-03 23:51:09,269.9052,279.1,259.07
AAPL,2026-05-03 23:51:31,269.8357,279.03,259.01
AAPL,2026-05-03 23:51:53,269.8695,279.06,259.04
AAPL,2026-05-03 23:52:14,269.8478,279.04,259.02
AAPL,2026-05-03 23:52:36,269.8543,279.04,259.02
AAPL,2026-05-03 23:52:42,269.8636,279.05,259.03
AAPL,2026-05-03 23:52:57,269.8889,279.08,259.06
AAPL,2026-05-03 23:53:19,269.8548,279.05,259.02
AAPL,2026-05-03 23:53:41,269.8821,279.07,259.05
AAPL,2026-05-03 23:54:02,269.8546,279.05,259.02
AAPL,2026-05-03 23:54:24,269.8884,279.08,259.06
AAPL,2026-05-03 23:54:45,269.8597,279.05,259.03
AAPL,2026-05-03 23:55:07,269.8619,279.05,259.03
AAPL,2026-05-03 23:55:29,269.89,279.08,259.06
AAPL,2026-05-03 23:55:50,269.8762,279.07,259.05
AAPL,2026-05-03 23:56:12,269.8814,279.07,259.05
AAPL,2026-05-03 23:56:33,269.8931,279.08,259.06
AAPL,2026-05-03 23:56:55,269.883,279.07,259.05
AAPL,2026-05-03 23:57:17,269.8967,279.09,259.06
AAPL,2026-05-03 23:57:38,269.8426,279.03,259.01
AAPL,2026-05-03 23:57:42,269.9182,279.11,259.09
AAPL,2026-05-03 23:58:00,269.9262,279.12,259.09
AAPL,2026-05-03 23:58:22,269.9146,279.11,259.08
AAPL,2026-05-03 23:58:43,269.8913,279.08,259.06
AAPL,2026-05-03 23:59:05,269.9611,279.16,259.13
AAPL,2026-05-03 23:59:26,269.9153,279.11,259.08
AAPL,2026-05-03 23:59:48,269.9451,279.14,259.11
AAPL,2026-05-04 00:10:58,269.9598,279.15,259.13
AAPL,2026-05-04 00:11:20,269.9611,279.16,259.13
AAPL,2026-05-04 00:11:41,269.9822,279.18,259.15
AAPL,2026-05-04 00:12:03,269.9939,279.19,259.16
AAPL,2026-05-04 00:12:24,269.9534,279.15,259.12
AAPL,2026-05-04 00:12:43,269.9295,279.12,259.1
AAPL,2026-05-04 00:12:46,269.9727,279.17,259.14
AAPL,2026-05-04 00:13:08,269.9529,279.15,259.12
AAPL,2026-05-04 00:13:29,269.9899,279.18,259.15
AAPL,2026-05-04 00:13:51,269.9179,279.11,259.09
AAPL,2026-05-04 00:14:12,269.9704,279.16,259.14
AAPL,2026-05-04 00:14:34,269.9638,279.16,259.13
AAPL,2026-05-04 00:14:56,269.9627,279.16,259.13
AAPL,2026-05-04 00:15:17,269.9852,279.18,259.15
AAPL,2026-05-04 00:15:39,269.9675,279.16,259.13
AAPL,2026-05-04 00:16:01,269.9602,279.15,259.13
AAPL,2026-05-04 00:16:22,269.9589,279.15,259.12
AAPL,2026-05-04 00:16:44,269.977,279.17,259.14
AAPL,2026-05-04 00:17:05,270.006,279.2,259.17
AAPL,2026-05-04 00:17:27,269.9631,279.16,259.13
AAPL,2026-05-04 00:17:43,269.9404,279.13,259.11
AAPL,2026-05-04 00:17:49,269.9923,279.19,259.16
AAPL,2026-05-04 00:18:10,269.9799,279.17,259.14
AAPL,2026-05-04 00:18:32,269.9937,279.19,259.16
AAPL,2026-05-04 00:18:53,269.9946,279.19,259.16
AAPL,2026-05-04 00:19:15,269.9353,279.13,259.1
AAPL,2026-05-04 00:19:37,269.9395,279.13,259.11
AAPL,2026-05-04 00:19:58,269.9647,279.16,259.13
AAPL,2026-05-04 00:20:20,269.9686,279.16,259.13
AAPL,2026-05-04 00:20:41,270.0076,279.2,259.17
AAPL,2026-05-04 00:21:03,269.9912,279.19,259.16
AAPL,2026-05-04 00:21:25,269.9791,279.17,259.14
AAPL,2026-05-04 00:21:46,269.9812,279.18,259.15
AAPL,2026-05-04 00:22:08,270.0133,279.21,259.18
AAPL,2026-05-04 00:22:29,269.9891,279.18,259.15
AAPL,2026-05-04 00:22:43,269.9883,279.18,259.15
AAPL,2026-05-04 00:22:51,270.0039,279.2,259.17
AAPL,2026-05-04 00:23:13,270.0157,279.21,259.18
AAPL,2026-05-04 00:23:34,269.9747,279.17,259.14
AAPL,2026-05-04 00:23:56,269.9828,279.18,259.15
AAPL,2026-05-04 00:24:18,270.0017,279.2,259.17
AAPL,2026-05-04 00:24:39,269.9968,279.19,259.16
AAPL,2026-05-04 00:25:01,269.9578,279.15,259.12
AAPL,2026-05-04 00:25:22,270.0128,279.21,259.18
AAPL,2026-05-04 00:25:44,270.0126,279.21,259.18
AAPL,2026-05-04 00:26:06,270.016,279.21,259.18
AAPL,2026-05-04 00:26:27,270.014,279.21,259.18
AAPL,2026-05-04 00:26:49,269.9665,279.16,259.13
AAPL,2026-05-04 00:27:10,269.98,279.17,259.14
AAPL,2026-05-04 00:27:32,270.0141,279.21,259.18
AAPL,2026-05-04 00:27:43,270.0134,279.21,259.18
AAPL,2026-05-04 00:27:54,270.0203,279.22,259.18
AAPL,2026-05-04 00:28:15,270.0193,279.22,259.18
AAPL,2026-05-04 00:28:37,270.0214,279.22,259.18
AAPL,2026-05-04 00:28:59,269.9702,279.16,259.14
AAPL,2026-05-04 00:29:20,270.0026,279.2,259.17
AAPL,2026-05-04 00:29:42,270.0263,279.22,259.19
AAPL,2026-05-04 00:30:03,270.0077,279.2,259.17
AAPL,2026-05-04 00:30:25,269.9722,279.17,259.14
AAPL,2026-05-04 00:30:47,269.9947,279.19,259.16
AAPL,2026-05-04 00:31:08,269.9821,279.18,259.15
AAPL,2026-05-04 00:31:30,270.0393,279.24,259.2
AAPL,2026-05-04 00:31:51,269.996,279.19,259.16
AAPL,2026-05-04 00:32:13,269.9966,279.19,259.16
AAPL,2026-05-04 00:32:35,269.9767,279.17,259.14
AAPL,2026-05-04 00:32:43,270.0149,279.21,259.18
AAPL,2026-05-04 00:32:56,270.0095,279.21,259.17
AAPL,2026-05-04 00:33:18,269.9762,279.17,259.14
AAPL,2026-05-04 00:33:40,269.9942,279.19,259.16
AAPL,2026-05-04 00:34:01,270.0376,279.23,259.2
AAPL,2026-05-04 00:34:23,270.0047,279.2,259.17
AAPL,2026-05-04 00:34:44,270.0232,279.22,259.19
AAPL,2026-05-04 00:35:06,270.0303,279.23,259.19
AAPL,2026-05-04 00:35:28,270.0285,279.22,259.19
AAPL,2026-05-04 00:35:49,269.9979,279.19,259.16
AAPL,2026-05-04 00:36:11,270.0132,279.21,259.18
AAPL,2026-05-04 00:36:32,270.0363,279.23,259.2
AAPL,2026-05-04 00:36:54,269.9481,279.14,259.11
AAPL,2026-05-04 00:37:16,270.0142,279.21,259.18
AAPL,2026-05-04 00:37:37,269.9718,279.17,259.14
AAPL,2026-05-04 00:37:43,270.0,279.2,259.16
AAPL,2026-05-04 00:37:59,270.0497,279.25,259.21
AAPL,2026-05-04 00:38:20,270.0043,279.2,259.17
AAPL,2026-05-04 00:38:42,270.0183,279.21,259.18
AAPL,2026-05-04 00:39:04,270.0376,279.23,259.2
AAPL,2026-05-04 00:39:25,269.9969,279.19,259.16
AAPL,2026-05-04 00:39:47,269.9967,279.19,259.16
AAPL,2026-05-04 00:40:09,270.0011,279.2,259.17
AAPL,2026-05-04 00:40:30,269.999,279.19,259.16
AAPL,2026-05-04 00:40:52,269.9994,279.19,259.16
AAPL,2026-05-04 00:41:13,270.0111,279.21,259.17
AAPL,2026-05-04 00:41:35,270.0215,279.22,259.18
AAPL,2026-05-04 00:41:57,270.0003,279.2,259.16
AAPL,2026-05-04 00:42:18,270.0325,279.23,259.2
AAPL,2026-05-04 00:42:40,269.9712,279.17,259.14
AAPL,2026-05-04 00:42:43,270.0384,279.24,259.2
AAPL,2026-05-04 00:43:01,270.0128,279.21,259.18
AAPL,2026-05-04 00:43:23,270.0195,279.22,259.18
AAPL,2026-05-04 00:43:45,270.0011,279.2,259.17
AAPL,2026-05-04 00:44:06,270.0069,279.2,259.17
AAPL,2026-05-04 00:44:28,270.0319,279.23,259.19
AAPL,2026-05-04 00:44:50,269.9585,279.15,259.12
AAPL,2026-05-04 00:45:11,269.9947,279.19,259.16
AAPL,2026-05-04 00:45:33,270.0064,279.2,259.17
AAPL,2026-05-04 00:45:54,270.0007,279.2,259.16
AAPL,2026-05-04 00:46:16,270.0182,279.21,259.18
AAPL,2026-05-04 00:46:38,270.0177,279.21,259.18
AAPL,2026-05-04 00:46:59,270.0475,279.24,259.21
AAPL,2026-05-04 00:47:21,270.0024,279.2,259.17
AAPL,2026-05-04 00:47:42,270.0335,279.23,259.2
AAPL,2026-05-04 00:47:43,269.972,279.17,259.14
AAPL,2026-05-04 00:48:04,269.9895,279.18,259.15
AAPL,2026-05-04 00:48:26,270.0191,279.22,259.18
AAPL,2026-05-04 00:48:47,269.9871,279.18,259.15
AAPL,2026-05-04 00:49:09,270.0545,279.25,259.22
AAPL,2026-05-04 00:49:30,270.0064,279.2,259.17
AAPL,2026-05-04 00:49:52,270.023,279.22,259.19
AAPL,2026-05-04 00:50:14,270.0097,279.21,259.17
AAPL,2026-05-04 00:50:35,270.008,279.2,259.17
AAPL,2026-05-04 00:50:57,270.0241,279.22,259.19
AAPL,2026-05-04 00:51:19,270.0205,279.22,259.18
AAPL,2026-05-04 00:51:40,270.0191,279.22,259.18
AAPL,2026-05-04 00:52:02,270.0317,279.23,259.19
AAPL,2026-05-04 00:52:23,270.0472,279.24,259.21
AAPL,2026-05-04 00:52:43,269.9985,279.19,259.16
AAPL,2026-05-04 00:52:45,270.0263,279.22,259.19
AAPL,2026-05-04 00:53:07,270.0199,279.22,259.18
AAPL,2026-05-04 00:53:28,270.0111,279.21,259.17
AAPL,2026-05-04 00:53:50,269.9972,279.19,259.16
AAPL,2026-05-04 00:54:11,269.9942,279.19,259.16
AAPL,2026-05-04 00:54:33,270.0234,279.22,259.19
AAPL,2026-05-04 00:54:55,270.0153,279.21,259.18
AAPL,2026-05-04 00:55:16,270.0143,279.21,259.18
AAPL,2026-05-04 00:55:38,270.032,279.23,259.19
AAPL,2026-05-04 00:56:00,270.0036,279.2,259.17
AAPL,2026-05-04 00:56:21,270.0009,279.2,259.16
AAPL,2026-05-04 00:56:43,270.0157,279.21,259.18
AAPL,2026-05-04 00:57:04,270.0191,279.22,259.18
AAPL,2026-05-04 00:57:26,270.0058,279.2,259.17
AAPL,2026-05-04 00:57:43,269.9912,279.19,259.16
AAPL,2026-05-04 00:57:48,270.0385,279.24,259.2
AAPL,2026-05-04 00:58:09,270.014,279.21,259.18
AAPL,2026-05-04 00:58:31,270.0118,279.21,259.18
AAPL,2026-05-04 00:58:52,270.0402,279.24,259.2
AAPL,2026-05-04 00:59:14,270.0181,279.21,259.18
AAPL,2026-05-04 00:59:36,270.046,279.24,259.21
AAPL,2026-05-04 00:59:57,269.9827,279.18,259.15
AAPL,2026-05-04 01:00:19,270.0111,279.21,259.17
AAPL,2026-05-04 01:00:40,269.9942,279.19,259.16
AAPL,2026-05-04 01:01:02,269.996,279.19,259.16
AAPL,2026-05-04 01:01:24,269.9919,279.19,259.16
AAPL,2026-05-04 01:01:45,270.0252,279.22,259.19
AAPL,2026-05-04 01:02:07,270.0208,279.22,259.18
AAPL,2026-05-04 01:02:28,269.9985,279.19,259.16
AAPL,2026-05-04 01:02:43,270.0205,279.22,259.18
AAPL,2026-05-04 01:02:50,270.0045,279.2,259.17
AAPL,2026-05-04 01:03:12,269.9759,279.17,259.14
AAPL,2026-05-04 01:03:33,270.0194,279.22,259.18
AAPL,2026-05-04 01:03:55,270.0421,279.24,259.2
AAPL,2026-05-04 01:04:17,270.0138,279.21,259.18
AAPL,2026-05-04 01:04:35,270.0188,279.21,259.18
AAPL,2026-05-04 01:04:56,270.0128,279.21,259.18
AAPL,2026-05-04 01:05:18,270.0086,279.2,259.17
AAPL,2026-05-04 01:05:39,270.0494,279.25,259.21
AAPL,2026-05-04 01:06:01,270.0128,279.21,259.18
AAPL,2026-05-04 01:06:23,270.041,279.24,259.2
AAPL,2026-05-04 01:06:44,270.025,279.22,259.19
AAPL,2026-05-04 01:07:06,270.0257,279.22,259.19
AAPL,2026-05-04 01:07:27,269.9978,279.19,259.16
AAPL,2026-05-04 01:07:40,270.0054,279.2,259.17
AAPL,2026-05-04 01:07:49,270.0031,279.2,259.17
AAPL,2026-05-04 01:08:11,270.0143,279.21,259.18
AAPL,2026-05-04 01:08:32,270.0451,279.24,259.21
AAPL,2026-05-04 01:08:54,270.0377,279.23,259.2
AAPL,2026-05-04 01:09:16,269.9803,279.18,259.15
AAPL,2026-05-04 01:09:37,270.0221,279.22,259.19
AAPL,2026-05-04 01:09:59,270.0096,279.21,259.17
AAPL,2026-05-04 01:10:20,270.0255,279.22,259.19
AAPL,2026-05-04 01:10:42,270.0347,279.23,259.2
AAPL,2026-05-04 01:11:04,270.022,279.22,259.19
AAPL,2026-05-04 01:11:25,270.0383,279.23,259.2
AAPL,2026-05-04 01:11:47,269.9784,279.17,259.14
AAPL,2026-05-04 01:12:08,270.0315,279.23,259.19
AAPL,2026-05-04 01:12:30,270.0024,279.2,259.17
AAPL,2026-05-04 01:12:40,270.0252,279.22,259.19
AAPL,2026-05-04 01:12:52,269.9854,279.18,259.15
AAPL,2026-05-04 01:13:13,270.0571,279.25,259.22
AAPL,2026-05-04 01:13:35,270.0255,279.22,259.19
AAPL,2026-05-04 01:13:56,270.014,279.21,259.18
AAPL,2026-05-04 01:14:18,270.0106,279.21,259.17
AAPL,2026-05-04 01:14:40,270.0184,279.21,259.18
AAPL,2026-05-04 01:15:01,270.0197,279.22,259.18
AAPL,2026-05-04 01:15:23,270.059,279.26,259.22
AAPL,2026-05-04 01:15:45,270.0033,279.2,259.17
AAPL,2026-05-04 01:16:06,270.0373,279.23,259.2
AAPL,2026-05-04 01:16:28,270.0125,279.21,259.18
AAPL,2026-05-04 01:16:49,270.0316,279.23,259.19
AAPL,2026-05-04 01:17:11,270.0072,279.2,259.17
AAPL,2026-05-04 01:17:33,269.9848,279.18,259.15
AAPL,2026-05-04 01:17:40,269.9965,279.19,259.16
AAPL,2026-05-04 01:17:54,270.0132,279.21,259.18
AAPL,2026-05-04 01:18:16,269.9994,279.19,259.16
AAPL,2026-05-04 01:18:37,269.9929,279.19,259.16
AAPL,2026-05-04 01:18:59,269.9976,279.19,259.16
AAPL,2026-05-04 01:19:21,269.9997,279.2,259.16
AAPL,2026-05-04 01:19:42,270.0144,279.21,259.18
AAPL,2026-05-04 01:20:04,270.0208,279.22,259.18
AAPL,2026-05-04 01:20:26,270.0368,279.23,259.2
AAPL,2026-05-04 01:20:47,270.0064,279.2,259.17
AAPL,2026-05-04 01:21:09,270.0387,279.24,259.2
AAPL,2026-05-04 01:21:30,269.9869,279.18,259.15
AAPL,2026-05-04 01:21:52,269.9731,279.17,259.14
AAPL,2026-05-04 01:22:14,270.0215,279.22,259.18
AAPL,2026-05-04 01:22:35,270.0362,279.23,259.2
AAPL,2026-05-04 01:22:40,270.0146,279.21,259.18
AAPL,2026-05-04 01:22:57,270.0499,279.25,259.21
AAPL,2026-05-04 01:23:18,269.9986,279.19,259.16
AAPL,2026-05-04 01:23:40,270.0293,279.23,259.19
AAPL,2026-05-04 01:24:02,270.0062,279.2,259.17
AAPL,2026-05-04 01:24:23,270.037,279.23,259.2
AAPL,2026-05-04 01:24:45,270.0494,279.25,259.21
AAPL,2026-05-04 01:25:06,270.0193,279.22,259.18
AAPL,2026-05-04 01:25:28,269.9746,279.17,259.14
AAPL,2026-05-04 01:25:50,269.9877,279.18,259.15
AAPL,2026-05-04 01:26:11,270.0012,279.2,259.17
AAPL,2026-05-04 01:26:33,270.0084,279.2,259.17
AAPL,2026-05-04 01:26:54,270.047,279.24,259.21
AAPL,2026-05-04 01:27:16,270.0013,279.2,259.17
AAPL,2026-05-04 01:27:38,270.0218,279.22,259.18
AAPL,2026-05-04 01:27:40,269.9819,279.18,259.15
AAPL,2026-05-04 01:27:59,270.0227,279.22,259.19
AAPL,2026-05-04 01:28:21,270.0241,279.22,259.19
AAPL,2026-05-04 01:28:43,270.0405,279.24,259.2
AAPL,2026-05-04 01:29:04,270.0446,279.24,259.21
AAPL,2026-05-04 01:29:26,269.9926,279.19,259.16
AAPL,2026-05-04 01:29:47,270.0144,279.21,259.18
AAPL,2026-05-04 01:30:09,270.0169,279.21,259.18
AAPL,2026-05-04 01:30:31,269.9817,279.18,259.15
AAPL,2026-05-04 01:30:52,269.9589,279.15,259.12
AAPL,2026-05-04 01:31:14,270.0035,279.2,259.17
AAPL,2026-05-04 01:31:35,269.9917,279.19,259.16
AAPL,2026-05-04 01:31:57,270.0192,279.22,259.18
AAPL,2026-05-04 01:32:19,269.9774,279.17,259.14
AAPL,2026-05-04 01:32:40,270.0307,279.23,259.19
AAPL,2026-05-04 01:32:41,270.0307,279.23,259.19
AAPL,2026-05-04 01:33:02,270.0455,279.24,259.21
AAPL,2026-05-04 01:33:23,270.0279,279.22,259.19
AAPL,2026-05-04 01:33:45,270.0156,279.21,259.18
AAPL,2026-05-04 01:34:07,270.0112,279.21,259.17
AAPL,2026-05-04 01:34:28,270.0026,279.2,259.17
AAPL,2026-05-04 01:34:50,270.0332,279.23,259.2
AAPL,2026-05-04 01:35:12,269.9928,279.19,259.16
AAPL,2026-05-04 01:35:33,270.0109,279.21,259.17
AAPL,2026-05-04 01:35:55,270.0073,279.2,259.17
AAPL,2026-05-04 01:36:16,270.0203,279.22,259.18
AAPL,2026-05-04 01:36:38,270.0069,279.2,259.17
AAPL,2026-05-04 01:37:00,270.0425,279.24,259.2
AAPL,2026-05-04 01:37:21,270.0361,279.23,259.2
AAPL,2026-05-04 01:37:40,270.032,279.23,259.19
AAPL,2026-05-04 01:37:43,270.0097,279.21,259.17
AAPL,2026-05-04 01:38:05,269.9993,279.19,259.16
AAPL,2026-05-04 01:38:26,270.0349,279.23,259.2
AAPL,2026-05-04 01:38:48,269.997,279.19,259.16
AAPL,2026-05-04 01:39:09,270.0247,279.22,259.19
AAPL,2026-05-04 01:39:31,270.0675,279.27,259.23
AAPL,2026-05-04 01:39:53,270.0401,279.24,259.2
AAPL,2026-05-04 01:40:14,270.0045,279.2,259.17
AAPL,2026-05-04 01:40:36,269.99,279.18,259.15
AAPL,2026-05-04 01:40:57,270.0287,279.22,259.19
AAPL,2026-05-04 01:41:19,270.0125,279.21,259.18
AAPL,2026-05-04 01:41:41,270.0405,279.24,259.2
AAPL,2026-05-04 01:42:02,269.9962,279.19,259.16
AAPL,2026-05-04 01:42:24,270.0275,279.22,259.19
AAPL,2026-05-04 01:42:40,270.0262,279.22,259.19
AAPL,2026-05-04 01:42:45,270.0166,279.21,259.18
AAPL,2026-05-04 01:43:07,269.9887,279.18,259.15
AAPL,2026-05-04 01:43:29,270.0319,279.23,259.19
AAPL,2026-05-04 01:43:50,269.998,279.19,259.16
AAPL,2026-05-04 01:44:12,270.019,279.21,259.18
AAPL,2026-05-04 01:44:34,270.0476,279.24,259.21
AAPL,2026-05-04 01:44:55,270.0096,279.21,259.17
AAPL,2026-05-04 01:45:17,270.014,279.21,259.18
AAPL,2026-05-04 01:45:38,270.008,279.2,259.17
AAPL,2026-05-04 01:46:00,270.0356,279.23,259.2
AAPL,2026-05-04 01:46:22,269.9876,279.18,259.15
AAPL,2026-05-04 01:46:43,270.0679,279.27,259.23
AAPL,2026-05-04 01:47:05,270.0065,279.2,259.17
AAPL,2026-05-04 01:47:26,270.0221,279.22,259.19
AAPL,2026-05-04 01:47:40,270.0366,279.23,259.2
AAPL,2026-05-04 01:47:48,270.0309,279.23,259.19
AAPL,2026-05-04 01:48:10,270.0197,279.22,259.18
AAPL,2026-05-04 01:48:31,270.0242,279.22,259.19
AAPL,2026-05-04 01:48:53,270.0356,279.23,259.2
AAPL,2026-05-04 01:49:15,270.0168,279.21,259.18
AAPL,2026-05-04 01:49:36,270.0161,279.21,259.18
AAPL,2026-05-04 01:49:58,270.0373,279.23,259.2
AAPL,2026-05-04 01:50:19,270.0142,279.21,259.18
AAPL,2026-05-04 01:50:41,270.0149,279.21,259.18
AAPL,2026-05-04 01:51:03,270.0313,279.23,259.19
AAPL,2026-05-04 01:51:24,270.0259,279.22,259.19
AAPL,2026-05-04 01:51:46,269.9902,279.19,259.15
AAPL,2026-05-04 01:52:07,270.0209,279.22,259.18
AAPL,2026-05-04 01:52:29,269.9947,279.19,259.16
AAPL,2026-05-04 01:52:40,270.0585,279.26,259.22
AAPL,2026-05-04 01:52:51,270.0119,279.21,259.18
AAPL,2026-05-04 01:53:12,270.0063,279.2,259.17
AAPL,2026-05-04 01:53:34,270.0518,279.25,259.21
AAPL,2026-05-04 01:53:56,270.0147,279.21,259.18
AAPL,2026-05-04 01:54:17,270.0392,279.24,259.2
AAPL,2026-05-04 01:54:39,270.0145,279.21,259.18
AAPL,2026-05-04 01:55:00,270.0062,279.2,259.17
AAPL,2026-05-04 01:55:22,270.0236,279.22,259.19
AAPL,2026-05-04 01:55:44,270.023,279.22,259.19
AAPL,2026-05-04 01:56:05,269.9965,279.19,259.16
AAPL,2026-05-04 01:56:27,270.0041,279.2,259.17
AAPL,2026-05-04 01:56:48,270.0356,279.23,259.2
AAPL,2026-05-04 01:57:10,270.0606,279.26,259.22
AAPL,2026-05-04 01:57:32,269.9958,279.19,259.16
AAPL,2026-05-04 01:57:40,270.0247,279.22,259.19
AAPL,2026-05-04 01:57:53,270.0097,279.21,259.17
AAPL,2026-05-04 01:58:15,270.0283,279.22,259.19
AAPL,2026-05-04 01:58:37,270.0409,279.24,259.2
AAPL,2026-05-04 01:58:58,270.0159,279.21,259.18
AAPL,2026-05-04 01:59:20,270.0162,279.21,259.18
AAPL,2026-05-04 01:59:42,270.0235,279.22,259.19
AAPL,2026-05-04 02:00:03,270.0174,279.21,259.18
AAPL,2026-05-04 02:00:25,270.0263,279.22,259.19
AAPL,2026-05-04 02:00:46,270.0234,279.22,259.19
AAPL,2026-05-04 02:01:08,270.0349,279.23,259.2
AAPL,2026-05-04 02:01:30,270.0209,279.22,259.18
AAPL,2026-05-04 02:01:51,270.0824,279.28,259.24
AAPL,2026-05-04 02:02:13,269.9898,279.18,259.15
AAPL,2026-05-04 02:02:34,269.9988,279.19,259.16
AAPL,2026-05-04 02:02:40,269.9968,279.19,259.16
AAPL,2026-05-04 02:02:56,270.0171,279.21,259.18
AAPL,2026-05-04 02:03:18,270.0467,279.24,259.21
AAPL,2026-05-04 02:03:39,270.0405,279.24,259.2
AAPL,2026-05-04 02:04:01,269.9802,279.17,259.15
AAPL,2026-05-04 02:04:23,270.0356,279.23,259.2
AAPL,2026-05-04 02:04:44,270.0024,279.2,259.17
AAPL,2026-05-04 02:05:06,270.0413,279.24,259.2
AAPL,2026-05-04 02:05:28,270.0138,279.21,259.18
AAPL,2026-05-04 02:05:49,270.0382,279.23,259.2
AAPL,2026-05-04 02:06:11,270.012,279.21,259.18
AAPL,2026-05-04 02:06:32,270.0366,279.23,259.2
AAPL,2026-05-04 02:06:54,270.0499,279.25,259.21
AAPL,2026-05-04 02:07:16,270.0455,279.24,259.21
AAPL,2026-05-04 02:07:37,270.0138,279.21,259.18
AAPL,2026-05-04 02:07:41,270.0179,279.21,259.18
AAPL,2026-05-04 02:07:59,270.0196,279.22,259.18
AAPL,2026-05-04 02:08:20,269.9927,279.19,259.16
AAPL,2026-05-04 02:08:42,270.0213,279.22,259.18
AAPL,2026-05-04 02:09:04,270.0442,279.24,259.21
AAPL,2026-05-04 02:09:25,270.0149,279.21,259.18
AAPL,2026-05-04 02:09:47,270.0068,279.2,259.17
AAPL,2026-05-04 02:10:09,270.0376,279.23,259.2
AAPL,2026-05-04 02:10:30,270.0421,279.24,259.2
AAPL,2026-05-04 02:10:52,270.0067,279.2,259.17
AAPL,2026-05-04 20:40:08,269.6712,276.9591,264.2845
AAPL,2026-05-05 12:25:31,265.8704,274.93,255.2
AAPL,2026-05-05 12:25:53,265.8852,274.94,255.21
AAPL,2026-05-05 12:26:14,265.8804,274.94,255.21
AAPL,2026-05-05 12:26:36,265.8574,274.91,255.19
AAPL,2026-05-05 12:26:57,265.8974,274.95,255.23
AAPL,2026-05-05 12:27:19,265.931,274.99,255.26
AAPL,2026-05-05 12:27:41,265.9412,275.0,255.27
AAPL,2026-05-05 12:28:02,265.9872,275.05,255.31
AAPL,2026-05-05 12:28:24,265.9463,275.0,255.27
AAPL,2026-05-05 12:28:45,265.9718,275.03,255.3
AAPL,2026-05-05 12:29:07,266.0065,275.07,255.33
AAPL,2026-05-05 12:29:19,266.0342,275.09,255.36
AAPL,2026-05-05 12:29:29,266.0244,275.08,255.35
AAPL,2026-05-05 12:29:50,266.0209,275.08,255.34
AAPL,2026-05-05 12:30:12,266.0192,275.08,255.34
AAPL,2026-05-05 12:30:34,266.0506,275.11,255.37
AAPL,2026-05-05 12:30:55,266.0646,275.13,255.39
AAPL,2026-05-05 12:31:17,266.0628,275.12,255.38
AAPL,2026-05-05 12:31:38,266.0725,275.13,255.39
AAPL,2026-05-05 12:32:00,266.0589,275.12,255.38
AAPL,2026-05-05 12:32:22,266.0721,275.13,255.39
AAPL,2026-05-05 12:32:43,266.0972,275.16,255.42
AAPL,2026-05-05 12:33:05,266.1049,275.17,255.43
AAPL,2026-05-05 12:33:26,266.0654,275.13,255.39
AAPL,2026-05-05 12:33:48,266.0978,275.16,255.42
AAPL,2026-05-05 12:34:10,266.0972,275.16,255.42
AAPL,2026-05-05 12:34:19,266.0919,275.15,255.41
AAPL,2026-05-05 12:34:31,266.1359,275.2,255.45
AAPL,2026-05-05 12:34:53,266.1139,275.18,255.43
AAPL,2026-05-05 12:37:49,266.0158,272.9366,260.9004
AAPL,2026-05-05 12:56:28,265.994,274.67,255.76
AAPL,2026-05-05 12:56:54,265.9436,274.62,255.72
MSFT,2026-04-25 19:19:22,418.066,434.9866,405.5595
MSFT,2026-04-26 18:45:50,418.3516,475.2,346.71
MSFT,2026-04-27 20:21:22,417.9696,474.77,346.4
MSFT,2026-05-03 00:45:42,392.4828,439.82,331.54
MSFT,2026-05-03 00:45:43,392.5855,439.93,331.62
MSFT,2026-05-03 00:46:05,392.1368,439.43,331.25
MSFT,2026-05-03 00:46:27,391.6678,438.9,330.85
MSFT,2026-05-03 18:42:01,393.9533,410.2466,379.2118
MSFT,2026-05-03 23:37:53,394.6285,410.9496,379.8617
MSFT,2026-05-03 23:37:59,393.1061,440.51,332.06
MSFT,2026-05-03 23:38:15,392.7905,440.16,331.8
MSFT,2026-05-03 23:38:29,392.0551,439.34,331.18
MSFT,2026-05-03 23:38:36,391.6913,438.93,330.87
MSFT,2026-05-03 23:38:38,391.6003,438.83,330.79
MSFT,2026-05-03 23:38:58,391.7036,438.94,330.88
MSFT,2026-05-03 23:39:20,391.3713,438.57,330.6
MSFT,2026-05-03 23:39:41,391.3007,438.49,330.54
MSFT,2026-05-03 23:40:03,391.3022,438.49,330.54
MSFT,2026-05-03 23:40:25,390.7913,437.92,330.11
MSFT,2026-05-03 23:40:46,391.1349,438.3,330.4
MSFT,2026-05-03 23:41:08,391.1746,438.35,330.43
MSFT,2026-05-03 23:41:29,391.1355,438.31,330.4
MSFT,2026-05-03 23:41:51,390.9512,438.1,330.24
MSFT,2026-05-03 23:42:13,390.9133,438.06,330.21
MSFT,2026-05-03 23:42:34,391.2242,438.4,330.47
MSFT,2026-05-03 23:42:42,391.0902,438.25,330.36
MSFT,2026-05-03 23:42:56,391.1203,438.29,330.39
MSFT,2026-05-03 23:43:17,390.8815,438.02,330.18
MSFT,2026-05-03 23:43:39,391.3226,438.52,330.56
MSFT,2026-05-03 23:44:01,391.3566,438.55,330.59
MSFT,2026-05-03 23:44:22,391.512,438.73,330.72
MSFT,2026-05-03 23:44:44,391.585,438.81,330.78
MSFT,2026-05-03 23:45:05,391.635,438.87,330.82
MSFT,2026-05-03 23:45:27,391.6014,438.83,330.79
MSFT,2026-05-03 23:45:49,391.5625,438.78,330.76
MSFT,2026-05-03 23:46:10,391.9173,439.18,331.06
MSFT,2026-05-03 23:46:32,392.0096,439.28,331.14
MSFT,2026-05-03 23:46:54,391.8844,439.14,331.03
MSFT,2026-05-03 23:47:15,391.9764,439.25,331.11
MSFT,2026-05-03 23:47:37,392.2395,439.54,331.33
MSFT,2026-05-03 23:47:42,392.4449,439.77,331.51
MSFT,2026-05-03 23:47:58,392.27,439.58,331.36
MSFT,2026-05-03 23:48:20,392.4101,439.73,331.48
MSFT,2026-05-03 23:48:42,392.5364,439.88,331.58
MSFT,2026-05-03 23:49:03,392.5617,439.9,331.6
MSFT,2026-05-03 23:49:25,392.7986,440.17,331.8
MSFT,2026-05-03 23:49:46,392.8357,440.21,331.84
MSFT,2026-05-03 23:50:08,392.9216,440.31,331.91
MSFT,2026-05-03 23:50:30,392.9436,440.33,331.93
MSFT,2026-05-03 23:50:51,393.0664,440.47,332.03
MSFT,2026-05-03 23:51:13,393.1116,440.52,332.07
MSFT,2026-05-03 23:51:35,393.4429,440.89,332.35
MSFT,2026-05-03 23:51:56,393.5352,440.99,332.43
MSFT,2026-05-03 23:52:18,393.3637,440.8,332.28
MSFT,2026-05-03 23:52:39,393.6149,441.08,332.49
MSFT,2026-05-03 23:52:42,393.5992,441.07,332.48
MSFT,2026-05-03 23:53:01,393.6302,441.1,332.51
MSFT,2026-05-03 23:53:23,394.0906,441.62,332.9
MSFT,2026-05-03 23:53:44,393.8173,441.31,332.66
MSFT,2026-05-03 23:54:06,394.0252,441.54,332.84
MSFT,2026-05-03 23:54:27,394.1737,441.71,332.97
MSFT,2026-05-03 23:54:49,394.0044,441.52,332.82
MSFT,2026-05-03 23:55:11,394.164,441.7,332.96
MSFT,2026-05-03 23:55:32,394.3793,441.94,333.14
MSFT,2026-05-03 23:55:54,394.5987,442.19,333.32
MSFT,2026-05-03 23:56:15,394.5713,442.16,333.3
MSFT,2026-05-03 23:56:37,394.7151,442.32,333.42
MSFT,2026-05-03 23:56:59,395.1367,442.79,333.78
MSFT,2026-05-03 23:57:20,395.1074,442.76,333.75
MSFT,2026-05-03 23:57:42,395.0243,442.66,333.68
MSFT,2026-05-03 23:57:42,394.8836,442.51,333.57
MSFT,2026-05-03 23:58:04,395.2315,442.9,333.86
MSFT,2026-05-03 23:58:25,395.1863,442.84,333.82
MSFT,2026-05-03 23:58:47,395.3913,443.07,333.99
MSFT,2026-05-03 23:59:08,395.3228,443.0,333.94
MSFT,2026-05-03 23:59:30,395.7522,443.48,334.3
MSFT,2026-05-03 23:59:52,395.7058,443.43,334.26
MSFT,2026-05-04 00:10:40,398.9639,447.08,337.01
MSFT,2026-05-04 00:11:02,399.1162,447.25,337.14
MSFT,2026-05-04 00:11:23,398.7975,446.89,336.87
MSFT,2026-05-04 00:11:45,398.9612,447.07,337.01
MSFT,2026-05-04 00:12:06,399.0775,447.21,337.11
MSFT,2026-05-04 00:12:28,399.278,447.43,337.28
MSFT,2026-05-04 00:12:43,399.3351,447.49,337.33
MSFT,2026-05-04 00:12:50,399.3797,447.54,337.36
MSFT,2026-05-04 00:13:11,399.562,447.75,337.52
MSFT,2026-05-04 00:13:33,399.7213,447.93,337.65
MSFT,2026-05-04 00:13:54,399.8057,448.02,337.72
MSFT,2026-05-04 00:14:16,399.8522,448.07,337.76
MSFT,2026-05-04 00:14:38,399.9273,448.16,337.83
MSFT,2026-05-04 00:14:59,399.8343,448.05,337.75
MSFT,2026-05-04 00:15:21,399.8592,448.08,337.77
MSFT,2026-05-04 00:15:43,400.1758,448.44,338.04
MSFT,2026-05-04 00:16:04,400.3501,448.63,338.18
MSFT,2026-05-04 00:16:26,400.3348,448.61,338.17
MSFT,2026-05-04 00:16:47,400.5521,448.86,338.35
MSFT,2026-05-04 00:17:09,400.5843,448.89,338.38
MSFT,2026-05-04 00:17:31,400.6152,448.93,338.41
MSFT,2026-05-04 00:17:43,400.6808,449.0,338.46
MSFT,2026-05-04 00:17:52,400.6337,448.95,338.42
MSFT,2026-05-04 00:18:14,400.6415,448.96,338.43
MSFT,2026-05-04 00:18:35,400.9672,449.32,338.7
MSFT,2026-05-04 00:18:57,401.0734,449.44,338.79
MSFT,2026-05-04 00:19:19,401.1623,449.54,338.87
MSFT,2026-05-04 00:19:40,401.1922,449.57,338.89
MSFT,2026-05-04 00:20:02,401.3842,449.79,339.06
MSFT,2026-05-04 00:20:23,401.4417,449.85,339.11
MSFT,2026-05-04 00:20:45,401.8375,450.3,339.44
MSFT,2026-05-04 00:21:07,401.6023,450.03,339.24
MSFT,2026-05-04 00:21:28,401.6159,450.05,339.25
MSFT,2026-05-04 00:21:50,401.7778,450.23,339.39
MSFT,2026-05-04 00:22:11,402.071,450.56,339.64
MSFT,2026-05-04 00:22:33,401.9712,450.45,339.55
MSFT,2026-05-04 00:22:43,401.8724,450.34,339.47
MSFT,2026-05-04 00:22:55,401.975,450.45,339.56
MSFT,2026-05-04 00:23:16,401.9757,450.45,339.56
MSFT,2026-05-04 00:23:38,402.1272,450.62,339.68
MSFT,2026-05-04 00:24:00,402.1158,450.61,339.67
MSFT,2026-05-04 00:24:21,402.2272,450.73,339.77
MSFT,2026-05-04 00:24:43,402.3696,450.89,339.89
MSFT,2026-05-04 00:25:04,402.5926,451.14,340.08
MSFT,2026-05-04 00:25:26,402.5814,451.13,340.07
MSFT,2026-05-04 00:25:48,402.7491,451.32,340.21
MSFT,2026-05-04 00:26:09,402.7185,451.29,340.18
MSFT,2026-05-04 00:26:31,402.8585,451.44,340.3
MSFT,2026-05-04 00:26:52,402.8596,451.44,340.3
MSFT,2026-05-04 00:27:14,403.1555,451.77,340.55
MSFT,2026-05-04 00:27:36,403.3021,451.94,340.68
MSFT,2026-05-04 00:27:43,403.2553,451.89,340.64
MSFT,2026-05-04 00:27:57,403.0716,451.68,340.48
MSFT,2026-05-04 00:28:19,403.3648,452.01,340.73
MSFT,2026-05-04 00:28:40,403.202,451.83,340.59
MSFT,2026-05-04 00:29:02,403.5083,452.17,340.85
MSFT,2026-05-04 00:29:24,403.4368,452.09,340.79
MSFT,2026-05-04 00:29:45,403.6343,452.31,340.96
MSFT,2026-05-04 00:30:07,403.6012,452.27,340.93
MSFT,2026-05-04 00:30:29,403.7586,452.45,341.06
MSFT,2026-05-04 00:30:50,403.6852,452.37,341.0
MSFT,2026-05-04 00:31:12,403.9496,452.66,341.22
MSFT,2026-05-04 00:31:33,403.8323,452.53,341.12
MSFT,2026-05-04 00:31:55,404.0347,452.76,341.3
MSFT,2026-05-04 00:32:17,404.1654,452.91,341.41
MSFT,2026-05-04 00:32:38,404.1332,452.87,341.38
MSFT,2026-05-04 00:32:43,404.2677,453.02,341.49
MSFT,2026-05-04 00:33:00,404.3344,453.1,341.55
MSFT,2026-05-04 00:33:21,404.4848,453.26,341.68
MSFT,2026-05-04 00:33:43,404.3523,453.12,341.56
MSFT,2026-05-04 00:34:05,404.504,453.29,341.69
MSFT,2026-05-04 00:34:26,404.7379,453.55,341.89
MSFT,2026-05-04 00:34:48,404.5431,453.33,341.72
MSFT,2026-05-04 00:35:10,404.8131,453.63,341.95
MSFT,2026-05-04 00:35:31,404.756,453.57,341.9
MSFT,2026-05-04 00:35:53,404.8512,453.68,341.99
MSFT,2026-05-04 00:36:14,404.8795,453.71,342.01
MSFT,2026-05-04 00:36:36,405.0434,453.89,342.15
MSFT,2026-05-04 00:36:58,405.1558,454.02,342.24
MSFT,2026-05-04 00:37:19,405.0769,453.93,342.18
MSFT,2026-05-04 00:37:41,405.4102,454.3,342.46
MSFT,2026-05-04 00:37:43,405.2365,454.11,342.31
MSFT,2026-05-04 00:38:02,405.1014,453.96,342.2
MSFT,2026-05-04 00:38:24,405.3069,454.19,342.37
MSFT,2026-05-04 00:38:46,405.4034,454.29,342.45
MSFT,2026-05-04 00:39:07,405.5767,454.49,342.6
MSFT,2026-05-04 00:39:29,405.4997,454.4,342.53
MSFT,2026-05-04 00:39:50,405.6995,454.63,342.7
MSFT,2026-05-04 00:40:12,405.6737,454.6,342.68
MSFT,2026-05-04 00:40:34,405.7846,454.72,342.77
MSFT,2026-05-04 00:40:55,405.859,454.8,342.84
MSFT,2026-05-04 00:41:17,405.7266,454.66,342.72
MSFT,2026-05-04 00:41:39,406.0205,454.99,342.97
MSFT,2026-05-04 00:42:00,405.9525,454.91,342.92
MSFT,2026-05-04 00:42:22,405.9347,454.89,342.9
MSFT,2026-05-04 00:42:43,406.0338,455.0,342.98
MSFT,2026-05-04 00:42:44,406.0338,455.0,342.98
MSFT,2026-05-04 00:43:05,406.0808,455.05,343.02
MSFT,2026-05-04 00:43:27,405.9377,454.89,342.9
MSFT,2026-05-04 00:43:48,406.3115,455.31,343.22
MSFT,2026-05-04 00:44:10,406.4575,455.48,343.34
MSFT,2026-05-04 00:44:32,406.4835,455.5,343.36
MSFT,2026-05-04 00:44:53,406.5248,455.55,343.4
MSFT,2026-05-04 00:45:15,406.6455,455.69,343.5
MSFT,2026-05-04 00:45:36,406.7124,455.76,343.56
MSFT,2026-05-04 00:45:58,406.7773,455.83,343.61
MSFT,2026-05-04 00:46:20,406.8886,455.96,343.71
MSFT,2026-05-04 00:46:41,406.7793,455.84,343.61
MSFT,2026-05-04 00:47:03,406.7872,455.84,343.62
MSFT,2026-05-04 00:47:24,407.0209,456.11,343.82
MSFT,2026-05-04 00:47:43,407.0553,456.15,343.85
MSFT,2026-05-04 00:47:46,406.8137,455.87,343.64
MSFT,2026-05-04 00:48:08,406.8272,455.89,343.65
MSFT,2026-05-04 00:48:29,407.0093,456.09,343.81
MSFT,2026-05-04 00:48:51,407.0477,456.14,343.84
MSFT,2026-05-04 00:49:12,407.087,456.18,343.87
MSFT,2026-05-04 00:49:34,407.1116,456.21,343.89
MSFT,2026-05-04 00:49:56,407.186,456.29,343.96
MSFT,2026-05-04 00:50:17,407.1872,456.29,343.96
MSFT,2026-05-04 00:50:39,407.1943,456.3,343.96
MSFT,2026-05-04 00:51:01,407.3659,456.49,344.11
MSFT,2026-05-04 00:51:22,407.545,456.69,344.26
MSFT,2026-05-04 00:51:44,407.6006,456.76,344.31
MSFT,2026-05-04 00:52:05,407.7815,456.96,344.46
MSFT,2026-05-04 00:52:27,407.5714,456.72,344.28
MSFT,2026-05-04 00:52:43,407.7481,456.92,344.43
MSFT,2026-05-04 00:52:49,407.7168,456.89,344.41
MSFT,2026-05-04 00:53:10,407.7161,456.89,344.41
MSFT,2026-05-04 00:53:32,407.7167,456.89,344.41
MSFT,2026-05-04 00:53:53,407.7718,456.95,344.45
MSFT,2026-05-04 00:54:15,407.9613,457.16,344.61
MSFT,2026-05-04 00:54:37,407.9779,457.18,344.63
MSFT,2026-05-04 00:54:58,407.9405,457.14,344.59
MSFT,2026-05-04 00:55:20,408.1699,457.39,344.79
MSFT,2026-05-04 00:55:41,408.1048,457.32,344.73
MSFT,2026-05-04 00:56:03,408.17,457.39,344.79
MSFT,2026-05-04 00:56:25,408.0006,457.2,344.65
MSFT,2026-05-04 00:56:46,408.1367,457.36,344.76
MSFT,2026-05-04 00:57:08,408.2873,457.53,344.89
MSFT,2026-05-04 00:57:29,408.3586,457.61,344.95
MSFT,2026-05-04 00:57:43,408.192,457.42,344.81
MSFT,2026-05-04 00:57:51,408.1991,457.43,344.81
MSFT,2026-05-04 00:58:13,408.3708,457.62,344.96
MSFT,2026-05-04 00:58:34,408.2429,457.48,344.85
MSFT,2026-05-04 00:58:56,408.4675,457.73,345.04
MSFT,2026-05-04 00:59:18,408.4311,457.69,345.01
MSFT,2026-05-04 00:59:39,408.5101,457.78,345.08
MSFT,2026-05-04 01:00:01,408.6376,457.92,345.18
MSFT,2026-05-04 01:00:22,408.5282,457.8,345.09
MSFT,2026-05-04 01:00:44,408.6428,457.92,345.19
MSFT,2026-05-04 01:01:06,408.658,457.94,345.2
MSFT,2026-05-04 01:01:27,408.7,457.99,345.24
MSFT,2026-05-04 01:01:49,408.5788,457.85,345.13
MSFT,2026-05-04 01:02:10,408.7946,458.09,345.32
MSFT,2026-05-04 01:02:32,408.7618,458.06,345.29
MSFT,2026-05-04 01:02:43,408.8474,458.15,345.36
MSFT,2026-05-04 01:02:54,408.8703,458.18,345.38
MSFT,2026-05-04 01:03:15,408.8983,458.21,345.4
MSFT,2026-05-04 01:03:37,409.067,458.4,345.55
MSFT,2026-05-04 01:03:58,408.9753,458.3,345.47
MSFT,2026-05-04 01:04:20,408.9154,458.23,345.42
MSFT,2026-05-04 01:04:38,409.1221,458.46,345.59
MSFT,2026-05-04 01:05:00,408.9051,458.22,345.41
MSFT,2026-05-04 01:05:21,409.1946,458.54,345.65
MSFT,2026-05-04 01:05:43,409.1814,458.53,345.64
MSFT,2026-05-04 01:06:05,409.2732,458.63,345.72
MSFT,2026-05-04 01:06:26,409.16,458.5,345.62
MSFT,2026-05-04 01:06:48,409.4116,458.79,345.84
MSFT,2026-05-04 01:07:10,409.3163,458.68,345.76
MSFT,2026-05-04 01:07:31,409.4584,458.84,345.88
MSFT,2026-05-04 01:07:40,409.3877,458.76,345.82
MSFT,2026-05-04 01:07:53,409.2909,458.65,345.74
MSFT,2026-05-04 01:08:14,409.3134,458.68,345.75
MSFT,2026-05-04 01:08:36,409.4188,458.79,345.84
MSFT,2026-05-04 01:08:57,409.4351,458.81,345.86
MSFT,2026-05-04 01:09:19,409.4591,458.84,345.88
MSFT,2026-05-04 01:09:41,409.657,459.06,346.04
MSFT,2026-05-04 01:10:02,409.5005,458.89,345.91
MSFT,2026-05-04 01:10:24,409.5148,458.9,345.92
MSFT,2026-05-04 01:10:46,409.6334,459.03,346.02
MSFT,2026-05-04 01:11:07,409.7614,459.18,346.13
MSFT,2026-05-04 01:11:29,409.7209,459.13,346.1
MSFT,2026-05-04 01:11:50,409.6025,459.0,346.0
MSFT,2026-05-04 01:12:12,409.6931,459.1,346.08
MSFT,2026-05-04 01:12:34,409.8323,459.26,346.19
MSFT,2026-05-04 01:12:40,409.6782,459.08,346.06
MSFT,2026-05-04 01:12:55,409.8094,459.23,346.17
MSFT,2026-05-04 01:13:17,409.7863,459.21,346.15
MSFT,2026-05-04 01:13:39,409.831,459.26,346.19
MSFT,2026-05-04 01:14:00,409.8658,459.29,346.22
MSFT,2026-05-04 01:14:22,409.9924,459.44,346.33
MSFT,2026-05-04 01:14:43,410.0802,459.53,346.4
MSFT,2026-05-04 01:15:05,409.8997,459.33,346.25
MSFT,2026-05-04 01:15:27,410.0168,459.46,346.35
MSFT,2026-05-04 01:15:48,410.0214,459.47,346.35
MSFT,2026-05-04 01:16:10,410.1862,459.65,346.49
MSFT,2026-05-04 01:16:31,410.2383,459.71,346.54
MSFT,2026-05-04 01:16:53,410.2675,459.74,346.56
MSFT,2026-05-04 01:17:15,410.0898,459.55,346.41
MSFT,2026-05-04 01:17:36,410.1335,459.59,346.45
MSFT,2026-05-04 01:17:40,410.3107,459.79,346.6
MSFT,2026-05-04 01:17:58,410.3147,459.8,346.6
MSFT,2026-05-04 01:18:19,410.1576,459.62,346.47
MSFT,2026-05-04 01:18:41,410.3257,459.81,346.61
MSFT,2026-05-04 01:19:03,410.3688,459.86,346.65
MSFT,2026-05-04 01:19:24,410.2708,459.75,346.56
MSFT,2026-05-04 01:19:46,410.3965,459.89,346.67
MSFT,2026-05-04 01:20:08,410.3999,459.89,346.67
MSFT,2026-05-04 01:20:29,410.5719,460.09,346.82
MSFT,2026-05-04 01:20:51,410.3154,459.8,346.6
MSFT,2026-05-04 01:21:12,410.5013,460.01,346.76
MSFT,2026-05-04 01:21:34,410.5365,460.05,346.79
MSFT,2026-05-04 01:21:56,410.3265,459.81,346.61
MSFT,2026-05-04 01:22:17,410.6031,460.12,346.84
MSFT,2026-05-04 01:22:39,410.4489,459.95,346.71
MSFT,2026-05-04 01:22:40,410.5539,460.07,346.8
MSFT,2026-05-04 01:23:00,410.476,459.98,346.74
MSFT,2026-05-04 01:23:22,410.3306,459.82,346.61
MSFT,2026-05-04 01:23:44,410.5668,460.08,346.81
MSFT,2026-05-04 01:24:05,410.5979,460.11,346.84
MSFT,2026-05-04 01:24:27,410.6774,460.2,346.91
MSFT,2026-05-04 01:24:48,410.54,460.05,346.79
MSFT,2026-05-04 01:25:10,410.7208,460.25,346.94
MSFT,2026-05-04 01:25:32,410.7737,460.31,346.99
MSFT,2026-05-04 01:25:53,410.6817,460.21,346.91
MSFT,2026-05-04 01:26:15,410.5909,460.11,346.83
MSFT,2026-05-04 01:26:36,410.7181,460.25,346.94
MSFT,2026-05-04 01:26:58,410.5598,460.07,346.81
MSFT,2026-05-04 01:27:20,410.8207,460.36,347.03
MSFT,2026-05-04 01:27:40,410.743,460.28,346.96
MSFT,2026-05-04 01:27:41,410.8476,460.39,347.05
MSFT,2026-05-04 01:28:03,410.7999,460.34,347.01
MSFT,2026-05-04 01:28:25,410.9435,460.5,347.13
MSFT,2026-05-04 01:28:46,410.6975,460.23,346.92
MSFT,2026-05-04 01:29:08,410.7452,460.28,346.96
MSFT,2026-05-04 01:29:29,410.8754,460.43,347.07
MSFT,2026-05-04 01:29:51,410.8336,460.38,347.04
MSFT,2026-05-04 01:30:13,410.9773,460.54,347.16
MSFT,2026-05-04 01:30:34,410.9918,460.56,347.17
MSFT,2026-05-04 01:30:56,411.0082,460.57,347.19
MSFT,2026-05-04 01:31:17,410.9429,460.5,347.13
MSFT,2026-05-04 01:31:39,411.1101,460.69,347.27
MSFT,2026-05-04 01:32:01,411.2457,460.84,347.39
MSFT,2026-05-04 01:32:22,410.9943,460.56,347.17
MSFT,2026-05-04 01:32:40,411.1156,460.7,347.28
MSFT,2026-05-04 01:32:44,411.0291,460.6,347.2
MSFT,2026-05-04 01:33:05,411.2309,460.82,347.37
MSFT,2026-05-04 01:33:27,411.0589,460.63,347.23
MSFT,2026-05-04 01:33:49,411.1871,460.78,347.34
MSFT,2026-05-04 01:34:10,411.1577,460.74,347.31
MSFT,2026-05-04 01:34:32,411.3497,460.96,347.47
MSFT,2026-05-04 01:34:54,411.0755,460.65,347.24
MSFT,2026-05-04 01:35:15,411.2848,460.88,347.42
MSFT,2026-05-04 01:35:37,411.1305,460.71,347.29
MSFT,2026-05-04 01:35:58,411.1654,460.75,347.32
MSFT,2026-05-04 01:36:20,411.3011,460.9,347.43
MSFT,2026-05-04 01:36:42,411.1872,460.78,347.34
MSFT,2026-05-04 01:37:03,411.2221,460.81,347.37
MSFT,2026-05-04 01:37:25,411.1149,460.69,347.28
MSFT,2026-05-04 01:37:40,411.4105,461.03,347.53
MSFT,2026-05-04 01:37:46,411.3694,460.98,347.49
MSFT,2026-05-04 01:38:08,411.3214,460.93,347.45
MSFT,2026-05-04 01:38:30,411.3766,460.99,347.5
MSFT,2026-05-04 01:38:51,411.4151,461.03,347.53
MSFT,2026-05-04 01:39:13,411.4917,461.12,347.59
MSFT,2026-05-04 01:39:35,411.3623,460.97,347.49
MSFT,2026-05-04 01:39:56,411.2909,460.89,347.42
MSFT,2026-05-04 01:40:18,411.4719,461.09,347.58
MSFT,2026-05-04 01:40:39,411.3197,460.92,347.45
MSFT,2026-05-04 01:41:01,411.4003,461.01,347.52
MSFT,2026-05-04 01:41:23,411.4343,461.05,347.55
MSFT,2026-05-04 01:41:44,411.3451,460.95,347.47
MSFT,2026-05-04 01:42:06,411.357,460.97,347.48
MSFT,2026-05-04 01:42:27,411.6151,461.25,347.7
MSFT,2026-05-04 01:42:40,411.5868,461.22,347.67
MSFT,2026-05-04 01:42:49,411.5182,461.15,347.62
MSFT,2026-05-04 01:43:11,411.6343,461.28,347.72
MSFT,2026-05-04 01:43:32,411.4443,461.06,347.55
MSFT,2026-05-04 01:43:54,411.7413,461.4,347.81
MSFT,2026-05-04 01:44:16,411.8408,461.51,347.89
MSFT,2026-05-04 01:44:37,411.6727,461.32,347.75
MSFT,2026-05-04 01:44:59,411.6315,461.27,347.71
MSFT,2026-05-04 01:45:20,411.6418,461.28,347.72
MSFT,2026-05-04 01:45:42,411.7884,461.45,347.85
MSFT,2026-05-04 01:46:04,411.5228,461.15,347.62
MSFT,2026-05-04 01:46:25,411.6374,461.28,347.72
MSFT,2026-05-04 01:46:47,411.7311,461.38,347.8
MSFT,2026-05-04 01:47:08,411.7845,461.44,347.84
MSFT,2026-05-04 01:47:30,411.8789,461.55,347.92
MSFT,2026-05-04 01:47:40,411.782,461.44,347.84
MSFT,2026-05-04 01:47:52,411.8501,461.52,347.9
MSFT,2026-05-04 01:48:13,411.7161,461.37,347.78
MSFT,2026-05-04 01:48:35,411.8453,461.51,347.89
MSFT,2026-05-04 01:48:56,411.7173,461.37,347.79
MSFT,2026-05-04 01:49:18,411.8062,461.47,347.86
MSFT,2026-05-04 01:49:40,411.6904,461.34,347.76
MSFT,2026-05-04 01:50:01,411.7279,461.38,347.79
MSFT,2026-05-04 01:50:23,411.7535,461.41,347.82
MSFT,2026-05-04 01:50:45,411.736,461.39,347.8
MSFT,2026-05-04 01:51:06,411.9159,461.59,347.95
MSFT,2026-05-04 01:51:28,412.0873,461.78,348.1
MSFT,2026-05-04 01:51:49,411.6474,461.29,347.73
MSFT,2026-05-04 01:52:11,411.737,461.39,347.8
MSFT,2026-05-04 01:52:33,411.8234,461.49,347.87
MSFT,2026-05-04 01:52:40,411.8274,461.49,347.88
MSFT,2026-05-04 01:52:54,411.8622,461.53,347.91
MSFT,2026-05-04 01:53:16,412.0116,461.7,348.03
MSFT,2026-05-04 01:53:37,411.9818,461.67,348.01
MSFT,2026-05-04 01:53:59,411.7186,461.37,347.79
MSFT,2026-05-04 01:54:21,411.6934,461.34,347.76
MSFT,2026-05-04 01:54:42,411.9534,461.63,347.98
MSFT,2026-05-04 01:55:04,411.9576,461.64,347.99
MSFT,2026-05-04 01:55:26,411.9646,461.65,347.99
MSFT,2026-05-04 01:55:47,411.7905,461.45,347.85
MSFT,2026-05-04 01:56:09,412.0096,461.7,348.03
MSFT,2026-05-04 01:56:30,411.9076,461.58,347.95
MSFT,2026-05-04 01:56:52,412.0887,461.79,348.1
MSFT,2026-05-04 01:57:14,412.1745,461.88,348.17
MSFT,2026-05-04 01:57:35,411.8509,461.52,347.9
MSFT,2026-05-04 01:57:40,412.083,461.78,348.09
MSFT,2026-05-04 01:57:57,411.9914,461.68,348.02
MSFT,2026-05-04 01:58:19,412.0723,461.77,348.09
MSFT,2026-05-04 01:58:40,412.0478,461.74,348.06
MSFT,2026-05-04 01:59:02,411.9343,461.61,347.97
MSFT,2026-05-04 01:59:23,411.9593,461.64,347.99
MSFT,2026-05-04 01:59:45,412.0258,461.72,348.05
MSFT,2026-05-04 02:00:07,412.0049,461.69,348.03
MSFT,2026-05-04 02:00:28,411.9692,461.65,348.0
MSFT,2026-05-04 02:00:50,412.1692,461.88,348.17
MSFT,2026-05-04 02:01:12,412.0931,461.79,348.1
MSFT,2026-05-04 02:01:33,412.0938,461.79,348.1
MSFT,2026-05-04 02:01:55,412.0291,461.72,348.05
MSFT,2026-05-04 02:02:16,412.2769,462.0,348.26
MSFT,2026-05-04 02:02:38,412.1246,461.83,348.13
MSFT,2026-05-04 02:02:40,412.1783,461.89,348.17
MSFT,2026-05-04 02:03:00,412.006,461.69,348.03
MSFT,2026-05-04 02:03:21,412.1286,461.83,348.13
MSFT,2026-05-04 02:03:43,412.1404,461.84,348.14
MSFT,2026-05-04 02:04:04,412.0893,461.79,348.1
MSFT,2026-05-04 02:04:26,412.0938,461.79,348.1
MSFT,2026-05-04 02:04:48,412.1142,461.81,348.12
MSFT,2026-05-04 02:05:10,412.015,461.7,348.04
MSFT,2026-05-04 02:05:31,412.1664,461.87,348.16
MSFT,2026-05-04 02:05:53,412.1406,461.84,348.14
MSFT,2026-05-04 02:06:14,412.1556,461.86,348.16
MSFT,2026-05-04 02:06:36,412.2765,462.0,348.26
MSFT,2026-05-04 02:06:58,412.0919,461.79,348.1
MSFT,2026-05-04 02:07:19,412.1311,461.83,348.13
MSFT,2026-05-04 02:07:41,412.1444,461.85,348.15
MSFT,2026-05-04 02:07:41,412.1444,461.85,348.15
MSFT,2026-05-04 02:08:02,412.201,461.91,348.19
MSFT,2026-05-04 02:08:24,412.1051,461.8,348.11
MSFT,2026-05-04 02:08:46,412.271,461.99,348.25
MSFT,2026-05-04 02:09:07,412.3251,462.05,348.3
MSFT,2026-05-04 02:09:29,412.2998,462.02,348.28
MSFT,2026-05-04 02:09:51,412.2197,461.93,348.21
MSFT,2026-05-04 02:10:12,412.3568,462.09,348.33
MSFT,2026-05-04 02:10:34,412.1456,461.85,348.15
MSFT,2026-05-04 02:10:55,412.2449,461.96,348.23
MSFT,2026-05-04 20:40:12,416.9449,434.1891,401.3431
MSFT,2026-05-05 12:25:35,451.7725,506.26,381.62
MSFT,2026-05-05 12:25:56,451.2356,505.65,381.17
MSFT,2026-05-05 12:26:18,451.3532,505.79,381.27
MSFT,2026-05-05 12:26:39,451.2307,505.65,381.16
MSFT,2026-05-05 12:27:01,451.303,505.73,381.22
MSFT,2026-05-05 12:27:23,451.1441,505.55,381.09
MSFT,2026-05-05 12:27:44,450.8078,505.17,380.81
MSFT,2026-05-05 12:28:06,450.9635,505.35,380.94
MSFT,2026-05-05 12:28:28,450.8321,505.2,380.83
MSFT,2026-05-05 12:28:49,450.8409,505.21,380.83
MSFT,2026-05-05 12:29:11,450.9238,505.3,380.9
MSFT,2026-05-05 12:29:19,450.9269,505.31,380.91
MSFT,2026-05-05 12:29:32,450.9312,505.31,380.91
MSFT,2026-05-05 12:29:54,450.8396,505.21,380.83
MSFT,2026-05-05 12:30:16,451.0346,505.43,381.0
MSFT,2026-05-05 12:30:37,450.8012,505.17,380.8
MSFT,2026-05-05 12:30:59,450.7825,505.15,380.78
MSFT,2026-05-05 12:31:20,450.8531,505.22,380.84
MSFT,2026-05-05 12:31:42,450.6929,505.05,380.71
MSFT,2026-05-05 12:32:04,450.9133,505.29,380.89
MSFT,2026-05-05 12:32:25,450.8337,505.2,380.83
MSFT,2026-05-05 12:32:47,450.6552,505.0,380.68
MSFT,2026-05-05 12:33:08,450.5827,504.92,380.62
MSFT,2026-05-05 12:33:30,450.7442,505.1,380.75
MSFT,2026-05-05 12:33:52,450.7287,505.09,380.74
MSFT,2026-05-05 12:34:13,450.8876,505.26,380.87
MSFT,2026-05-05 12:34:19,450.7553,505.12,380.76
MSFT,2026-05-05 12:34:35,450.8813,505.26,380.87
MSFT,2026-05-05 12:37:52,450.9349,467.294,432.8538
MSFT,2026-05-05 12:56:10,450.5131,497.38,385.93
MSFT,2026-05-05 12:56:57,453.1981,500.34,388.23
AMZN,2026-04-07 20:42:43,234.5516,245.8114,226.2292
AMZN,2026-04-08 23:29:50,224.4151,232.9891,218.0779
AMZN,2026-04-13 00:26:04,211.3332,218.4314,206.0867
AMZN,2026-04-14 02:44:15,225.3875,233.6432,219.2854
AMZN,2026-04-16 21:26:57,231.4058,240.9111,224.3801
AMZN,2026-04-17 03:14:13,234.7442,306.31,178.26
AMZN,2026-04-18 21:33:42,233.3849,241.8729,227.1112
AMZN,2026-04-19 23:40:48,233.2534,241.7366,226.9832
AMZN,2026-04-20 21:43:57,227.0473,234.4034,220.3918
AMZN,2026-04-22 22:53:41,246.3834,307.41,203.36
AMZN,2026-04-23 18:39:30,242.5151,248.7253,237.9249
AMZN,2026-04-24 15:45:04,239.8169,287.38,211.89
AMZN,2026-04-25 19:19:25,224.0414,229.5454,219.9733
AMZN,2026-04-26 18:45:54,222.2856,258.85,204.9
AMZN,2026-04-27 20:21:04,225.9592,263.13,208.29
AMZN,2026-05-03 00:45:42,215.4073,254.97,201.91
AMZN,2026-05-03 00:45:47,215.4009,254.96,201.91
AMZN,2026-05-03 00:46:08,215.1095,254.62,201.64
AMZN,2026-05-03 00:46:30,215.1055,254.61,201.63
AMZN,2026-05-03 18:42:05,214.9736,221.9007,209.8535
AMZN,2026-05-03 23:37:57,215.2117,222.1466,210.086
AMZN,2026-05-03 23:37:59,216.345,256.08,202.79
AMZN,2026-05-03 23:38:18,216.2304,255.94,202.69
AMZN,2026-05-03 23:38:29,216.1677,255.87,202.63
AMZN,2026-05-03 23:38:38,215.8921,255.54,202.37
AMZN,2026-05-03 23:38:40,215.9768,255.64,202.45
AMZN,2026-05-03 23:39:02,216.0059,255.68,202.48
AMZN,2026-05-03 23:39:23,215.7993,222.753,210.6596
AMZN,2026-05-03 23:39:45,215.884,255.53,202.36
AMZN,2026-05-03 23:40:06,215.7028,255.32,202.19
AMZN,2026-05-03 23:40:28,215.8346,255.47,202.32
AMZN,2026-05-03 23:40:50,215.681,255.29,202.17
AMZN,2026-05-03 23:41:11,215.7542,255.38,202.24
AMZN,2026-05-03 23:41:33,215.7228,255.34,202.21
AMZN,2026-05-03 23:41:55,215.7448,255.37,202.23
AMZN,2026-05-03 23:42:16,215.6602,255.27,202.15
AMZN,2026-05-03 23:42:38,215.7116,255.33,202.2
AMZN,2026-05-03 23:42:42,215.5947,255.19,202.09
AMZN,2026-05-03 23:42:59,215.5336,255.12,202.03
AMZN,2026-05-03 23:43:21,215.6149,255.21,202.11
AMZN,2026-05-03 23:43:43,215.5337,255.12,202.03
AMZN,2026-05-03 23:44:04,215.6023,255.2,202.1
AMZN,2026-05-03 23:44:26,215.5408,255.13,202.04
AMZN,2026-05-03 23:44:47,215.6961,255.31,202.19
AMZN,2026-05-03 23:45:09,215.4983,255.08,202.0
AMZN,2026-05-03 23:45:31,215.5697,255.16,202.07
AMZN,2026-05-03 23:45:52,215.4839,255.06,201.99
AMZN,2026-05-03 23:46:14,215.5159,255.1,202.02
AMZN,2026-05-03 23:46:36,215.4179,254.98,201.92
AMZN,2026-05-03 23:46:57,215.4791,255.05,201.98
AMZN,2026-05-03 23:47:19,215.4793,255.05,201.98
AMZN,2026-05-03 23:47:40,215.4239,254.99,201.93
AMZN,2026-05-03 23:47:42,215.3923,254.95,201.9
AMZN,2026-05-03 23:48:02,215.3728,254.93,201.88
AMZN,2026-05-03 23:48:24,215.4141,254.98,201.92
AMZN,2026-05-03 23:48:45,215.3787,254.93,201.89
AMZN,2026-05-03 23:49:07,215.409,254.97,201.92
AMZN,2026-05-03 23:49:28,215.3581,254.91,201.87
AMZN,2026-05-03 23:49:50,215.4029,254.96,201.91
AMZN,2026-05-03 23:50:12,215.344,254.89,201.86
AMZN,2026-05-03 23:50:33,215.3662,254.92,201.88
AMZN,2026-05-03 23:50:55,215.3665,254.92,201.88
AMZN,2026-05-03 23:51:16,215.3329,254.88,201.84
AMZN,2026-05-03 23:51:38,215.3128,254.86,201.83
AMZN,2026-05-03 23:52:00,215.3443,254.89,201.86
AMZN,2026-05-03 23:52:21,215.2693,254.8,201.79
AMZN,2026-05-03 23:52:42,215.3145,254.86,201.83
AMZN,2026-05-03 23:52:43,215.345,254.89,201.86
AMZN,2026-05-03 23:53:05,215.2707,254.81,201.79
AMZN,2026-05-03 23:53:26,215.3118,254.86,201.83
AMZN,2026-05-03 23:53:48,215.2126,254.74,201.73
AMZN,2026-05-03 23:54:09,215.2514,254.78,201.77
AMZN,2026-05-03 23:54:31,215.217,254.74,201.74
AMZN,2026-05-03 23:54:53,215.2477,254.78,201.77
AMZN,2026-05-03 23:55:14,215.2181,254.74,201.74
AMZN,2026-05-03 23:55:36,215.2032,254.73,201.72
AMZN,2026-05-03 23:55:57,215.2158,254.74,201.74
AMZN,2026-05-03 23:56:19,215.1597,254.68,201.68
AMZN,2026-05-03 23:56:41,215.1272,254.64,201.65
AMZN,2026-05-03 23:57:02,215.1889,254.71,201.71
AMZN,2026-05-03 23:57:24,215.1422,254.65,201.67
AMZN,2026-05-03 23:57:42,215.1399,254.65,201.66
AMZN,2026-05-03 23:57:46,215.1271,254.64,201.65
AMZN,2026-05-03 23:58:07,215.1109,254.62,201.64
AMZN,2026-05-03 23:58:29,215.1025,254.61,201.63
AMZN,2026-05-03 23:58:50,215.0431,254.54,201.57
AMZN,2026-05-03 23:59:12,215.0911,254.59,201.62
AMZN,2026-05-03 23:59:34,215.081,254.58,201.61
AMZN,2026-05-03 23:59:55,215.0823,254.58,201.61
AMZN,2026-05-04 00:10:43,214.796,254.24,201.34
AMZN,2026-05-04 00:11:05,214.7892,254.24,201.34
AMZN,2026-05-04 00:11:27,214.734,254.17,201.28
AMZN,2026-05-04 00:11:48,214.7541,254.2,201.3
AMZN,2026-05-04 00:12:10,214.772,254.22,201.32
AMZN,2026-05-04 00:12:32,214.6886,254.12,201.24
AMZN,2026-05-04 00:12:43,214.7662,254.21,201.31
AMZN,2026-05-04 00:12:53,214.712,254.15,201.26
AMZN,2026-05-04 00:13:15,214.7456,254.19,201.29
AMZN,2026-05-04 00:13:36,214.743,254.18,201.29
AMZN,2026-05-04 00:13:58,214.7535,254.19,201.3
AMZN,2026-05-04 00:14:20,214.7097,254.14,201.26
AMZN,2026-05-04 00:14:41,214.7312,254.17,201.28
AMZN,2026-05-04 00:15:03,214.6775,254.1,201.23
AMZN,2026-05-04 00:15:24,214.6366,254.06,201.19
AMZN,2026-05-04 00:15:46,214.6883,254.12,201.24
AMZN,2026-05-04 00:16:08,214.6947,254.12,201.25
AMZN,2026-05-04 00:16:29,214.6515,254.07,201.21
AMZN,2026-05-04 00:16:51,214.5791,253.99,201.14
AMZN,2026-05-04 00:17:13,214.6571,254.08,201.21
AMZN,2026-05-04 00:17:34,214.6222,254.04,201.18
AMZN,2026-05-04 00:17:43,214.6019,254.01,201.16
AMZN,2026-05-04 00:17:56,214.5516,253.96,201.11
AMZN,2026-05-04 00:18:17,214.6461,254.07,201.2
AMZN,2026-05-04 00:18:39,214.594,254.01,201.15
AMZN,2026-05-04 00:19:01,214.5418,253.94,201.1
AMZN,2026-05-04 00:19:22,214.5934,254.0,201.15
AMZN,2026-05-04 00:19:44,214.6037,254.02,201.16
AMZN,2026-05-04 00:20:05,214.5242,253.92,201.09
AMZN,2026-05-04 00:20:27,214.5586,253.96,201.12
AMZN,2026-05-04 00:20:49,214.5277,253.93,201.09
AMZN,2026-05-04 00:21:10,214.531,253.93,201.09
AMZN,2026-05-04 00:21:32,214.5067,253.9,201.07
AMZN,2026-05-04 00:21:53,214.5596,253.96,201.12
AMZN,2026-05-04 00:22:15,214.4781,253.87,201.04
AMZN,2026-05-04 00:22:37,214.5065,253.9,201.07
AMZN,2026-05-04 00:22:43,214.5528,253.96,201.11
AMZN,2026-05-04 00:22:58,214.4451,253.83,201.01
AMZN,2026-05-04 00:23:20,214.4254,253.81,200.99
AMZN,2026-05-04 00:23:41,214.4184,253.8,200.99
AMZN,2026-05-04 00:24:03,214.4665,253.85,201.03
AMZN,2026-05-04 00:24:25,214.4947,253.89,201.06
AMZN,2026-05-04 00:24:46,214.4314,253.81,201.0
AMZN,2026-05-04 00:25:08,214.4123,253.79,200.98
AMZN,2026-05-04 00:25:30,214.4244,253.8,200.99
AMZN,2026-05-04 00:25:51,214.3881,253.76,200.96
AMZN,2026-05-04 00:26:13,214.3913,253.77,200.96
AMZN,2026-05-04 00:26:34,214.4137,253.79,200.98
AMZN,2026-05-04 00:26:56,214.3413,253.71,200.92
AMZN,2026-05-04 00:27:18,214.4062,253.78,200.98
AMZN,2026-05-04 00:27:39,214.3409,253.71,200.92
AMZN,2026-05-04 00:27:43,214.3968,253.77,200.97
AMZN,2026-05-04 00:28:01,214.4125,253.79,200.98
AMZN,2026-05-04 00:28:22,214.3718,253.74,200.94
AMZN,2026-05-04 00:28:44,214.3929,253.77,200.96
AMZN,2026-05-04 00:29:06,214.3022,253.66,200.88
AMZN,2026-05-04 00:29:27,214.3711,253.74,200.94
AMZN,2026-05-04 00:29:49,214.3437,253.71,200.92
AMZN,2026-05-04 00:30:11,214.3625,253.73,200.94
AMZN,2026-05-04 00:30:32,214.3536,253.72,200.93
AMZN,2026-05-04 00:30:54,214.2965,253.65,200.87
AMZN,2026-05-04 00:31:15,214.2618,253.61,200.84
AMZN,2026-05-04 00:31:37,214.2589,253.61,200.84
AMZN,2026-05-04 00:31:59,214.3068,253.67,200.88
AMZN,2026-05-04 00:32:20,214.2393,253.59,200.82
AMZN,2026-05-04 00:32:42,214.2495,253.6,200.83
AMZN,2026-05-04 00:32:43,214.2742,253.63,200.85
AMZN,2026-05-04 00:33:03,214.1927,253.53,200.78
AMZN,2026-05-04 00:33:25,214.2502,253.6,200.83
AMZN,2026-05-04 00:33:47,214.24,253.59,200.82
AMZN,2026-05-04 00:34:08,214.2568,253.61,200.84
AMZN,2026-05-04 00:34:30,214.1674,253.5,200.75
AMZN,2026-05-04 00:34:51,214.1892,253.53,200.77
AMZN,2026-05-04 00:35:13,214.195,253.53,200.78
AMZN,2026-05-04 00:35:35,214.1834,253.52,200.77
AMZN,2026-05-04 00:35:56,214.1179,253.44,200.71
AMZN,2026-05-04 00:36:18,214.176,253.51,200.76
AMZN,2026-05-04 00:36:40,214.1571,253.49,200.74
AMZN,2026-05-04 00:37:01,214.1362,253.46,200.72
AMZN,2026-05-04 00:37:23,214.181,253.52,200.77
AMZN,2026-05-04 00:37:43,214.1392,253.47,200.73
AMZN,2026-05-04 00:37:44,214.147,253.48,200.73
AMZN,2026-05-04 00:38:06,214.1199,253.44,200.71
AMZN,2026-05-04 00:38:28,214.1673,253.5,200.75
AMZN,2026-05-04 00:38:49,214.1004,253.42,200.69
AMZN,2026-05-04 00:39:11,214.0607,253.37,200.65
AMZN,2026-05-04 00:39:32,214.0282,253.34,200.62
AMZN,2026-05-04 00:39:54,214.0708,253.39,200.66
AMZN,2026-05-04 00:40:16,214.1107,253.43,200.7
AMZN,2026-05-04 00:40:37,214.1071,253.43,200.7
AMZN,2026-05-04 00:40:59,214.0389,253.35,200.63
AMZN,2026-05-04 00:41:21,214.0233,253.33,200.62
AMZN,2026-05-04 00:41:42,214.0162,253.32,200.61
AMZN,2026-05-04 00:42:04,214.0424,253.35,200.64
AMZN,2026-05-04 00:42:25,214.0658,253.38,200.66
AMZN,2026-05-04 00:42:43,214.0684,253.38,200.66
AMZN,2026-05-04 00:42:47,214.0246,253.33,200.62
AMZN,2026-05-04 00:43:09,214.0553,253.37,200.65
AMZN,2026-05-04 00:43:30,214.0432,253.35,200.64
AMZN,2026-05-04 00:43:52,214.011,253.32,200.61
AMZN,2026-05-04 00:44:13,213.9762,253.27,200.57
AMZN,2026-05-04 00:44:35,213.9927,253.29,200.59
AMZN,2026-05-04 00:44:57,213.9545,253.25,200.55
AMZN,2026-05-04 00:45:18,213.966,253.26,200.56
AMZN,2026-05-04 00:45:40,213.994,253.3,200.59
AMZN,2026-05-04 00:46:02,213.9558,253.25,200.55
AMZN,2026-05-04 00:46:23,213.9873,253.29,200.58
AMZN,2026-05-04 00:46:45,213.9528,253.25,200.55
AMZN,2026-05-04 00:47:06,213.9271,253.22,200.53
AMZN,2026-05-04 00:47:28,213.9426,253.23,200.54
AMZN,2026-05-04 00:47:43,213.9568,253.25,200.55
AMZN,2026-05-04 00:47:50,213.9412,253.23,200.54
AMZN,2026-05-04 00:48:11,213.9223,253.21,200.52
AMZN,2026-05-04 00:48:33,213.8992,253.18,200.5
AMZN,2026-05-04 00:48:54,213.9562,253.25,200.55
AMZN,2026-05-04 00:49:16,213.8774,253.16,200.48
AMZN,2026-05-04 00:49:38,213.8405,253.11,200.45
AMZN,2026-05-04 00:49:59,213.8729,253.15,200.48
AMZN,2026-05-04 00:50:21,213.884,253.17,200.49
AMZN,2026-05-04 00:50:42,213.9131,253.2,200.51
AMZN,2026-05-04 00:51:04,213.8341,253.11,200.44
AMZN,2026-05-04 00:51:26,213.8602,253.14,200.46
AMZN,2026-05-04 00:51:47,213.8533,253.13,200.46
AMZN,2026-05-04 00:52:09,213.8706,253.15,200.47
AMZN,2026-05-04 00:52:30,213.8609,253.14,200.47
AMZN,2026-05-04 00:52:43,213.8276,253.1,200.43
AMZN,2026-05-04 00:52:52,213.8604,253.14,200.46
AMZN,2026-05-04 00:53:14,213.8385,253.11,200.44
AMZN,2026-05-04 00:53:35,213.796,253.06,200.4
AMZN,2026-05-04 00:53:57,213.8267,253.1,200.43
AMZN,2026-05-04 00:54:19,213.7439,253.0,200.36
AMZN,2026-05-04 00:54:40,213.7889,253.05,200.4
AMZN,2026-05-04 00:55:02,213.7453,253.0,200.36
AMZN,2026-05-04 00:55:23,213.727,252.98,200.34
AMZN,2026-05-04 00:55:45,213.7354,252.99,200.35
AMZN,2026-05-04 00:56:07,213.7418,253.0,200.35
AMZN,2026-05-04 00:56:28,213.7425,253.0,200.35
AMZN,2026-05-04 00:56:50,213.7374,252.99,200.35
AMZN,2026-05-04 00:57:11,213.7496,253.01,200.36
AMZN,2026-05-04 00:57:33,213.7141,252.96,200.33
AMZN,2026-05-04 00:57:43,213.6573,252.9,200.27
AMZN,2026-05-04 00:57:55,213.7283,252.98,200.34
AMZN,2026-05-04 00:58:16,213.7037,220.5899,208.6139
AMZN,2026-05-04 00:58:38,213.7114,252.96,200.32
AMZN,2026-05-04 00:59:00,213.6671,252.91,200.28
AMZN,2026-05-04 00:59:21,213.6909,252.94,200.31
AMZN,2026-05-04 00:59:43,213.6993,252.95,200.31
AMZN,2026-05-04 01:00:04,213.639,252.88,200.26
AMZN,2026-05-04 01:00:26,213.6776,252.92,200.29
AMZN,2026-05-04 01:00:48,213.6377,252.87,200.26
AMZN,2026-05-04 01:01:09,213.7041,252.95,200.32
AMZN,2026-05-04 01:01:31,213.6825,252.93,200.3
AMZN,2026-05-04 01:01:52,213.6701,252.91,200.29
AMZN,2026-05-04 01:02:14,213.6763,252.92,200.29
AMZN,2026-05-04 01:02:36,213.6606,252.9,200.28
AMZN,2026-05-04 01:02:43,213.6089,252.84,200.23
AMZN,2026-05-04 01:02:57,213.6352,252.87,200.25
AMZN,2026-05-04 01:03:19,213.5764,252.8,200.2
AMZN,2026-05-04 01:03:40,213.6519,252.89,200.27
AMZN,2026-05-04 01:04:02,213.6242,252.86,200.24
AMZN,2026-05-04 01:04:24,213.5489,252.77,200.17
AMZN,2026-05-04 01:04:42,213.6517,252.89,200.27
AMZN,2026-05-04 01:05:03,213.5695,252.79,200.19
AMZN,2026-05-04 01:05:25,213.6523,252.89,200.27
AMZN,2026-05-04 01:05:47,213.5249,252.74,200.15
AMZN,2026-05-04 01:06:08,213.5661,252.79,200.19
AMZN,2026-05-04 01:06:30,213.4995,252.71,200.13
AMZN,2026-05-04 01:06:51,213.5052,252.72,200.13
AMZN,2026-05-04 01:07:13,213.509,252.72,200.14
AMZN,2026-05-04 01:07:35,213.4965,252.71,200.12
AMZN,2026-05-04 01:07:40,213.5829,252.81,200.2
AMZN,2026-05-04 01:07:56,213.5668,252.79,200.19
AMZN,2026-05-04 01:08:18,213.5292,252.75,200.15
AMZN,2026-05-04 01:08:39,213.5501,252.77,200.17
AMZN,2026-05-04 01:09:01,213.5087,252.72,200.13
AMZN,2026-05-04 01:09:23,213.4412,252.64,200.07
AMZN,2026-05-04 01:09:44,213.4705,252.68,200.1
AMZN,2026-05-04 01:10:06,213.473,252.68,200.1
AMZN,2026-05-04 01:10:28,213.4688,252.67,200.1
AMZN,2026-05-04 01:10:49,213.4686,252.67,200.1
AMZN,2026-05-04 01:11:11,213.449,252.65,200.08
AMZN,2026-05-04 01:11:32,213.4447,252.65,200.07
AMZN,2026-05-04 01:11:54,213.4185,252.61,200.05
AMZN,2026-05-04 01:12:16,213.4484,252.65,200.08
AMZN,2026-05-04 01:12:37,213.4851,252.69,200.11
AMZN,2026-05-04 01:12:40,213.4438,252.64,200.07
AMZN,2026-05-04 01:12:59,213.4817,252.69,200.11
AMZN,2026-05-04 01:13:20,213.3734,252.56,200.01
AMZN,2026-05-04 01:13:42,213.4139,252.61,200.05
AMZN,2026-05-04 01:14:04,213.3625,252.55,200.0
AMZN,2026-05-04 01:14:25,213.4212,252.62,200.05
AMZN,2026-05-04 01:14:47,213.405,252.6,200.04
AMZN,2026-05-04 01:15:08,213.4453,252.65,200.08
AMZN,2026-05-04 01:15:30,213.3987,252.59,200.03
AMZN,2026-05-04 01:15:52,213.3487,252.53,199.99
AMZN,2026-05-04 01:16:13,213.3381,252.52,199.98
AMZN,2026-05-04 01:16:35,213.3557,252.54,199.99
AMZN,2026-05-04 01:16:57,213.3793,252.57,200.01
AMZN,2026-05-04 01:17:18,213.332,252.51,199.97
AMZN,2026-05-04 01:17:40,213.3889,252.58,200.02
AMZN,2026-05-04 01:17:40,213.3889,252.58,200.02
AMZN,2026-05-04 01:18:01,213.365,252.55,200.0
AMZN,2026-05-04 01:18:23,213.312,252.49,199.95
AMZN,2026-05-04 01:18:45,213.2841,252.46,199.92
AMZN,2026-05-04 01:19:06,213.3311,252.51,199.97
AMZN,2026-05-04 01:19:28,213.3463,252.53,199.98
AMZN,2026-05-04 01:19:49,213.3308,252.51,199.97
AMZN,2026-05-04 01:20:11,213.3245,252.5,199.96
AMZN,2026-05-04 01:20:33,213.2636,252.43,199.91
AMZN,2026-05-04 01:20:54,213.2757,252.45,199.92
AMZN,2026-05-04 01:21:16,213.3154,252.49,199.95
AMZN,2026-05-04 01:21:38,213.2283,252.39,199.87
AMZN,2026-05-04 01:21:59,213.3056,252.48,199.94
AMZN,2026-05-04 01:22:21,213.2072,252.36,199.85
AMZN,2026-05-04 01:22:40,213.2669,252.43,199.91
AMZN,2026-05-04 01:22:42,213.2408,252.4,199.88
AMZN,2026-05-04 01:23:04,213.2888,252.46,199.93
AMZN,2026-05-04 01:23:26,213.2377,252.4,199.88
AMZN,2026-05-04 01:23:47,213.3165,252.49,199.95
AMZN,2026-05-04 01:24:09,213.2059,252.36,199.85
AMZN,2026-05-04 01:24:30,213.2579,252.42,199.9
AMZN,2026-05-04 01:24:52,213.2378,252.4,199.88
AMZN,2026-05-04 01:25:14,213.2368,252.4,199.88
AMZN,2026-05-04 01:25:35,213.2094,252.37,199.85
AMZN,2026-05-04 01:25:57,213.1835,252.34,199.83
AMZN,2026-05-04 01:26:18,213.199,252.35,199.84
AMZN,2026-05-04 01:26:40,213.1577,252.31,199.81
AMZN,2026-05-04 01:27:02,213.207,252.36,199.85
AMZN,2026-05-04 01:27:23,213.1476,252.29,199.8
AMZN,2026-05-04 01:27:40,213.184,252.34,199.83
AMZN,2026-05-04 01:27:45,213.135,252.28,199.78
AMZN,2026-05-04 01:28:06,213.1198,252.26,199.77
AMZN,2026-05-04 01:28:28,213.1466,252.29,199.8
AMZN,2026-05-04 01:28:50,213.152,252.3,199.8
AMZN,2026-05-04 01:29:11,213.2151,252.37,199.86
AMZN,2026-05-04 01:29:33,213.0829,252.22,199.74
AMZN,2026-05-04 01:29:55,213.1582,252.31,199.81
AMZN,2026-05-04 01:30:16,213.1097,252.25,199.76
AMZN,2026-05-04 01:30:38,213.1471,252.29,199.8
AMZN,2026-05-04 01:30:59,213.1329,252.28,199.78
AMZN,2026-05-04 01:31:21,213.1212,252.26,199.77
AMZN,2026-05-04 01:31:43,213.0808,252.21,199.73
AMZN,2026-05-04 01:32:04,213.117,252.26,199.77
AMZN,2026-05-04 01:32:26,213.1089,252.25,199.76
AMZN,2026-05-04 01:32:40,213.1045,252.24,199.76
AMZN,2026-05-04 01:32:47,213.0496,252.18,199.7
AMZN,2026-05-04 01:33:09,213.0838,252.22,199.74
AMZN,2026-05-04 01:33:31,213.0841,252.22,199.74
AMZN,2026-05-04 01:33:52,213.0444,252.17,199.7
AMZN,2026-05-04 01:34:14,213.0486,252.18,199.7
AMZN,2026-05-04 01:34:35,213.0575,252.19,199.71
AMZN,2026-05-04 01:34:57,213.0871,252.22,199.74
AMZN,2026-05-04 01:35:19,213.0273,252.15,199.68
AMZN,2026-05-04 01:35:40,213.0196,252.14,199.68
AMZN,2026-05-04 01:36:02,213.0331,252.16,199.69
AMZN,2026-05-04 01:36:24,212.9934,252.11,199.65
AMZN,2026-05-04 01:36:45,212.9539,252.06,199.61
AMZN,2026-05-04 01:37:07,213.0422,252.17,199.7
AMZN,2026-05-04 01:37:28,213.0435,252.17,199.7
AMZN,2026-05-04 01:37:40,212.9961,252.11,199.65
AMZN,2026-05-04 01:37:50,212.9829,252.1,199.64
AMZN,2026-05-04 01:38:12,212.9908,252.11,199.65
AMZN,2026-05-04 01:38:33,212.9416,252.05,199.6
AMZN,2026-05-04 01:38:55,213.0131,252.13,199.67
AMZN,2026-05-04 01:39:17,213.0161,252.14,199.67
AMZN,2026-05-04 01:39:38,212.9195,252.02,199.58
AMZN,2026-05-04 01:40:00,212.9478,252.06,199.61
AMZN,2026-05-04 01:40:21,212.9284,252.03,199.59
AMZN,2026-05-04 01:40:43,212.9732,252.09,199.63
AMZN,2026-05-04 01:41:05,212.9012,252.0,199.57
AMZN,2026-05-04 01:41:26,212.9269,252.03,199.59
AMZN,2026-05-04 01:41:48,212.9226,252.03,199.59
AMZN,2026-05-04 01:42:09,212.9816,252.1,199.64
AMZN,2026-05-04 01:42:31,212.9183,252.02,199.58
AMZN,2026-05-04 01:42:40,212.9335,252.04,199.6
AMZN,2026-05-04 01:42:53,212.9438,252.05,199.61
AMZN,2026-05-04 01:43:14,212.985,252.1,199.64
AMZN,2026-05-04 01:43:36,212.9014,252.0,199.57
AMZN,2026-05-04 01:43:57,212.8857,251.98,199.55
AMZN,2026-05-04 01:44:19,212.9195,252.02,199.58
AMZN,2026-05-04 01:44:41,212.8688,251.96,199.54
AMZN,2026-05-04 01:45:02,212.8978,252.0,199.56
AMZN,2026-05-04 01:45:24,212.9282,252.03,199.59
AMZN,2026-05-04 01:45:46,212.9125,252.02,199.58
AMZN,2026-05-04 01:46:07,212.8375,251.93,199.51
AMZN,2026-05-04 01:46:29,212.8562,251.95,199.52
AMZN,2026-05-04 01:46:50,212.837,251.93,199.51
AMZN,2026-05-04 01:47:12,212.8972,252.0,199.56
AMZN,2026-05-04 01:47:34,212.8492,251.94,199.52
AMZN,2026-05-04 01:47:40,212.8526,251.94,199.52
AMZN,2026-05-04 01:47:55,212.8742,251.97,199.54
AMZN,2026-05-04 01:48:17,212.8361,251.92,199.5
AMZN,2026-05-04 01:48:38,212.8325,251.92,199.5
AMZN,2026-05-04 01:49:00,212.8652,251.96,199.53
AMZN,2026-05-04 01:49:22,212.8537,251.95,199.52
AMZN,2026-05-04 01:49:43,212.8534,251.95,199.52
AMZN,2026-05-04 01:50:05,212.8664,251.96,199.53
AMZN,2026-05-04 01:50:26,212.8604,251.95,199.53
AMZN,2026-05-04 01:50:48,212.8016,251.88,199.47
AMZN,2026-05-04 01:51:10,212.8516,251.94,199.52
AMZN,2026-05-04 01:51:31,212.8486,251.94,199.52
AMZN,2026-05-04 01:51:53,212.8778,251.97,199.54
AMZN,2026-05-04 01:52:15,212.8344,251.92,199.5
AMZN,2026-05-04 01:52:36,212.8277,251.91,199.5
AMZN,2026-05-04 01:52:40,212.7904,251.87,199.46
AMZN,2026-05-04 01:52:58,212.7487,251.82,199.42
AMZN,2026-05-04 01:53:19,212.813,251.9,199.48
AMZN,2026-05-04 01:53:41,212.7996,251.88,199.47
AMZN,2026-05-04 01:54:03,212.7254,251.79,199.4
AMZN,2026-05-04 01:54:24,212.8006,251.88,199.47
AMZN,2026-05-04 01:54:46,212.7641,251.84,199.44
AMZN,2026-05-04 01:55:08,212.7988,251.88,199.47
AMZN,2026-05-04 01:55:29,212.7862,251.87,199.46
AMZN,2026-05-04 01:55:51,212.7563,251.83,199.43
AMZN,2026-05-04 01:56:12,212.7462,251.82,199.42
AMZN,2026-05-04 01:56:34,212.7504,251.82,199.42
AMZN,2026-05-04 01:56:56,212.7871,251.87,199.46
AMZN,2026-05-04 01:57:17,212.7733,251.85,199.45
AMZN,2026-05-04 01:57:39,212.6748,251.73,199.35
AMZN,2026-05-04 01:57:40,212.7502,251.82,199.42
AMZN,2026-05-04 01:58:01,212.7405,251.81,199.41
AMZN,2026-05-04 01:58:22,212.7894,219.6462,207.7214
AMZN,2026-05-04 01:58:44,212.7102,251.78,199.39
AMZN,2026-05-04 01:59:05,212.7534,251.83,199.43
AMZN,2026-05-04 01:59:27,212.7642,251.84,199.44
AMZN,2026-05-04 01:59:49,212.7575,251.83,199.43
AMZN,2026-05-04 02:00:10,212.7512,251.82,199.42
AMZN,2026-05-04 02:00:32,212.6866,251.75,199.36
AMZN,2026-05-04 02:00:54,212.6825,251.74,199.36
AMZN,2026-05-04 02:01:15,212.7048,251.77,199.38
AMZN,2026-05-04 02:01:37,212.6687,251.73,199.35
AMZN,2026-05-04 02:01:58,212.6787,251.74,199.36
AMZN,2026-05-04 02:02:20,212.6504,251.71,199.33
AMZN,2026-05-04 02:02:40,212.6566,251.71,199.34
AMZN,2026-05-04 02:02:42,212.6176,251.67,199.3
AMZN,2026-05-04 02:03:03,212.6807,251.74,199.36
AMZN,2026-05-04 02:03:25,212.6691,251.73,199.35
AMZN,2026-05-04 02:03:46,212.6675,251.73,199.35
AMZN,2026-05-04 02:04:08,212.6806,251.74,199.36
AMZN,2026-05-04 02:04:30,212.6647,251.72,199.34
AMZN,2026-05-04 02:04:51,212.6521,251.71,199.33
AMZN,2026-05-04 02:05:13,212.6392,251.69,199.32
AMZN,2026-05-04 02:05:35,212.6448,251.7,199.33
AMZN,2026-05-04 02:05:56,212.6332,251.68,199.31
AMZN,2026-05-04 02:06:18,212.6055,251.65,199.29
AMZN,2026-05-04 02:06:40,212.633,251.68,199.31
AMZN,2026-05-04 02:07:01,212.6061,251.65,199.29
AMZN,2026-05-04 02:07:23,212.5831,251.63,199.27
AMZN,2026-05-04 02:07:41,212.6428,251.7,199.32
AMZN,2026-05-04 02:07:44,212.6481,251.7,199.33
AMZN,2026-05-04 02:08:06,212.5873,251.63,199.27
AMZN,2026-05-04 02:08:28,212.5893,251.63,199.27
AMZN,2026-05-04 02:08:49,212.5688,251.61,199.25
AMZN,2026-05-04 02:09:11,212.5849,251.63,199.27
AMZN,2026-05-04 02:09:32,212.5728,251.61,199.26
AMZN,2026-05-04 02:09:54,212.5912,251.63,199.27
AMZN,2026-05-04 02:10:16,212.6186,251.67,199.3
AMZN,2026-05-04 02:10:37,212.5491,251.59,199.24
AMZN,2026-05-04 20:40:15,213.1876,220.0572,208.11
AMZN,2026-05-05 12:25:38,229.3212,271.44,214.96
AMZN,2026-05-05 12:26:00,229.5012,271.65,215.13
AMZN,2026-05-05 12:26:21,229.7436,271.94,215.35
AMZN,2026-05-05 12:26:43,229.8793,272.1,215.48
AMZN,2026-05-05 12:27:05,230.024,272.27,215.62
AMZN,2026-05-05 12:27:26,230.1695,272.44,215.75
AMZN,2026-05-05 12:27:48,230.229,272.51,215.81
AMZN,2026-05-05 12:28:09,230.1622,272.43,215.75
AMZN,2026-05-05 12:28:31,230.372,272.68,215.94
AMZN,2026-05-05 12:28:53,230.2826,272.58,215.86
AMZN,2026-05-05 12:29:14,230.323,272.62,215.9
AMZN,2026-05-05 12:29:19,230.2668,272.56,215.84
AMZN,2026-05-05 12:29:36,230.2753,272.57,215.85
AMZN,2026-05-05 12:29:57,230.4483,272.77,216.01
AMZN,2026-05-05 12:30:19,230.2879,272.58,215.86
AMZN,2026-05-05 12:30:41,230.3855,272.7,215.95
AMZN,2026-05-05 12:31:02,230.2656,272.56,215.84
AMZN,2026-05-05 12:31:24,230.4156,272.73,215.98
AMZN,2026-05-05 12:31:45,230.1747,272.45,215.76
AMZN,2026-05-05 12:32:07,230.2867,272.58,215.86
AMZN,2026-05-05 12:32:29,230.1773,272.45,215.76
AMZN,2026-05-05 12:32:50,230.2856,272.58,215.86
AMZN,2026-05-05 12:33:12,230.0911,272.35,215.68
AMZN,2026-05-05 12:33:34,230.1448,272.41,215.73
AMZN,2026-05-05 12:33:55,230.0026,272.24,215.6
AMZN,2026-05-05 12:34:17,230.0596,272.31,215.65
AMZN,2026-05-05 12:34:19,229.8829,272.1,215.48
AMZN,2026-05-05 12:34:38,229.8992,272.12,215.5
AMZN,2026-05-05 12:37:56,230.3072,236.8361,225.4815
AMZN,2026-05-05 12:56:14,230.1626,280.48,213.1
AMZN,2026-05-05 12:57:01,230.0379,280.33,212.99
META,2026-04-08 23:29:54,617.9996,658.1892,588.2942
META,2026-04-13 00:26:07,693.4846,732.2482,664.8332
META,2026-04-14 02:44:19,734.1582,774.47,704.3626
META,2026-04-16 21:27:00,673.043,705.5177,649.0399
META,2026-04-17 03:13:59,645.2074,673.2762,624.4609
META,2026-04-18 21:33:45,708.724,735.8834,688.6497
META,2026-04-19 23:40:52,709.8154,737.0165,689.7102
META,2026-04-20 21:44:01,669.4158,694.018,651.2315
META,2026-04-22 22:53:45,654.9952,699.78,574.27
META,2026-04-23 18:39:33,657.5455,678.1842,638.8724
META,2026-04-24 15:45:07,713.357,752.04,640.74
META,2026-04-25 19:19:29,742.7803,770.6549,722.1774
META,2026-04-26 18:45:57,743.3779,777.08,672.5
META,2026-05-03 00:45:42,663.764,748.98,590.67
META,2026-05-03 00:45:50,663.7875,749.0,590.69
META,2026-05-03 00:46:12,663.8423,749.07,590.74
META,2026-05-03 00:46:34,663.8259,749.05,590.73
META,2026-05-03 18:42:08,663.0415,690.5652,632.6205
META,2026-05-03 23:37:59,662.8312,690.3462,632.4198
META,2026-05-03 23:38:00,662.249,747.27,589.32
META,2026-05-03 23:38:22,662.2895,747.31,589.36
META,2026-05-03 23:38:29,662.0469,747.04,589.14
META,2026-05-03 23:38:38,662.2952,747.32,589.37
META,2026-05-03 23:38:44,662.3904,747.43,589.45
META,2026-05-03 23:39:05,662.4455,747.49,589.5
META,2026-05-03 23:39:27,662.347,747.38,589.41
META,2026-05-03 23:39:48,662.381,747.42,589.44
META,2026-05-03 23:40:10,662.1485,747.15,589.23
META,2026-05-03 23:40:32,662.3187,747.35,589.39
META,2026-05-03 23:40:53,662.1066,747.11,589.2
META,2026-05-03 23:41:15,662.1821,747.19,589.26
META,2026-05-03 23:41:37,662.0066,746.99,589.11
META,2026-05-03 23:41:58,662.1517,747.16,589.24
META,2026-05-03 23:42:20,662.2137,747.23,589.29
META,2026-05-03 23:42:41,661.9709,746.95,589.08
META,2026-05-03 23:42:42,661.9681,746.95,589.07
META,2026-05-03 23:43:03,661.9969,746.98,589.1
META,2026-05-03 23:43:25,661.9559,746.94,589.06
META,2026-05-03 23:43:46,661.9226,746.9,589.03
META,2026-05-03 23:44:08,661.8408,746.81,588.96
META,2026-05-03 23:44:29,661.7898,746.75,588.92
META,2026-05-03 23:44:51,661.6208,746.56,588.76
META,2026-05-03 23:45:13,661.756,746.71,588.89
META,2026-05-03 23:45:34,661.7418,746.7,588.87
META,2026-05-03 23:45:56,661.6056,746.54,588.75
META,2026-05-03 23:46:18,661.5528,746.48,588.7
META,2026-05-03 23:46:39,661.449,746.37,588.61
META,2026-05-03 23:47:01,661.4621,746.38,588.62
META,2026-05-03 23:47:22,661.512,746.44,588.67
META,2026-05-03 23:47:42,661.2884,746.18,588.47
META,2026-05-03 23:47:44,661.355,746.26,588.53
META,2026-05-03 23:48:06,661.3345,746.24,588.51
META,2026-05-03 23:48:27,661.2122,746.1,588.4
META,2026-05-03 23:48:49,661.2753,746.17,588.46
META,2026-05-03 23:49:10,661.2362,746.13,588.42
META,2026-05-03 23:49:32,661.0713,745.94,588.28
META,2026-05-03 23:49:54,661.1898,746.07,588.38
META,2026-05-03 23:50:15,661.1047,745.98,588.31
META,2026-05-03 23:50:37,661.0369,745.9,588.25
META,2026-05-03 23:50:58,660.8963,745.74,588.12
META,2026-05-03 23:51:20,660.9485,745.8,588.17
META,2026-05-03 23:51:42,661.0037,745.86,588.22
META,2026-05-03 23:52:03,660.8065,745.64,588.04
META,2026-05-03 23:52:25,660.9537,745.81,588.17
META,2026-05-03 23:52:42,660.7146,745.54,587.96
META,2026-05-03 23:52:47,660.7522,745.58,587.99
META,2026-05-03 23:53:08,660.7311,745.56,587.97
META,2026-05-03 23:53:30,660.8417,745.68,588.07
META,2026-05-03 23:53:51,660.6638,745.48,587.91
META,2026-05-03 23:54:13,660.6357,745.45,587.89
META,2026-05-03 23:54:35,660.7047,745.53,587.95
META,2026-05-03 23:54:56,660.5807,745.39,587.84
META,2026-05-03 23:55:18,660.6286,745.44,587.88
META,2026-05-03 23:55:39,660.5261,745.32,587.79
META,2026-05-03 23:56:01,660.471,745.26,587.74
META,2026-05-03 23:56:23,660.6661,745.48,587.92
META,2026-05-03 23:56:44,660.3935,745.17,587.67
META,2026-05-03 23:57:06,660.3525,745.13,587.64
META,2026-05-03 23:57:27,660.4896,745.28,587.76
META,2026-05-03 23:57:42,660.5316,745.33,587.8
META,2026-05-03 23:57:49,660.5088,745.3,587.78
META,2026-05-03 23:58:11,660.333,745.11,587.62
META,2026-05-03 23:58:32,660.4479,745.24,587.72
META,2026-05-03 23:58:54,660.4262,745.21,587.7
META,2026-05-03 23:59:16,660.2354,745.0,587.53
META,2026-05-03 23:59:37,660.4175,745.2,587.69
META,2026-05-03 23:59:59,660.3023,745.07,587.59
META,2026-05-04 00:10:47,659.8982,744.62,587.23
META,2026-05-04 00:11:09,659.6956,744.39,587.05
META,2026-05-04 00:11:30,659.7557,744.45,587.11
META,2026-05-04 00:11:52,659.7473,744.44,587.1
META,2026-05-04 00:12:14,659.8097,744.52,587.15
META,2026-05-04 00:12:35,659.629,744.31,586.99
META,2026-05-04 00:12:43,659.7725,744.47,587.12
META,2026-05-04 00:12:57,659.7474,744.44,587.1
META,2026-05-04 00:13:18,659.5662,744.24,586.94
META,2026-05-04 00:13:40,659.6875,744.38,587.04
META,2026-05-04 00:14:02,659.8163,744.52,587.16
META,2026-05-04 00:14:23,659.6281,744.31,586.99
META,2026-05-04 00:14:45,659.6159,744.3,586.98
META,2026-05-04 00:15:06,659.8324,744.54,587.17
META,2026-05-04 00:15:28,659.625,744.31,586.99
META,2026-05-04 00:15:50,659.5099,744.18,586.89
META,2026-05-04 00:16:11,659.554,744.23,586.93
META,2026-05-04 00:16:33,659.6056,744.29,586.97
META,2026-05-04 00:16:55,659.5341,744.2,586.91
META,2026-05-04 00:17:16,659.6631,744.35,587.02
META,2026-05-04 00:17:38,659.4797,744.14,586.86
META,2026-05-04 00:17:43,659.5456,744.22,586.92
META,2026-05-04 00:17:59,659.5616,744.24,586.93
META,2026-05-04 00:18:21,659.5892,744.27,586.96
META,2026-05-04 00:18:43,659.6518,744.34,587.01
META,2026-05-04 00:19:04,659.7196,744.41,587.07
META,2026-05-04 00:19:26,659.6419,744.33,587.0
META,2026-05-04 00:19:47,659.4606,744.12,586.84
META,2026-05-04 00:20:09,659.5462,744.22,586.92
META,2026-05-04 00:20:31,659.5435,744.21,586.92
META,2026-05-04 00:20:52,659.549,744.22,586.92
META,2026-05-04 00:21:14,659.5195,744.19,586.9
META,2026-05-04 00:21:35,659.4602,744.12,586.84
META,2026-05-04 00:21:57,659.4905,744.16,586.87
META,2026-05-04 00:22:19,659.5485,744.22,586.92
META,2026-05-04 00:22:40,659.4823,744.15,586.86
META,2026-05-04 00:22:43,659.4353,744.09,586.82
META,2026-05-04 00:23:02,659.5098,744.18,586.89
META,2026-05-04 00:23:23,659.4254,744.08,586.81
META,2026-05-04 00:23:45,659.3856,744.04,586.78
META,2026-05-04 00:24:07,659.5133,744.18,586.89
META,2026-05-04 00:24:28,659.4893,744.15,586.87
META,2026-05-04 00:24:50,659.5275,744.2,586.9
META,2026-05-04 00:25:12,659.4782,744.14,586.86
META,2026-05-04 00:25:33,659.5556,744.23,586.93
META,2026-05-04 00:25:55,659.4231,744.08,586.81
META,2026-05-04 00:26:16,659.5846,744.26,586.95
META,2026-05-04 00:26:38,659.5424,744.21,586.92
META,2026-05-04 00:27:00,659.5041,744.17,586.88
META,2026-05-04 00:27:21,659.4613,744.12,586.84
META,2026-05-04 00:27:43,659.4088,744.06,586.8
META,2026-05-04 00:27:43,659.4088,744.06,586.8
META,2026-05-04 00:28:04,659.4658,744.13,586.85
META,2026-05-04 00:28:26,659.4076,744.06,586.8
META,2026-05-04 00:28:48,659.5608,744.23,586.93
META,2026-05-04 00:29:09,659.526,744.2,586.9
META,2026-05-04 00:29:31,659.3916,744.04,586.78
META,2026-05-04 00:29:53,659.3957,744.05,586.78
META,2026-05-04 00:30:14,659.3058,743.95,586.7
META,2026-05-04 00:30:36,659.3711,744.02,586.76
META,2026-05-04 00:30:57,659.4076,744.06,586.8
META,2026-05-04 00:31:19,659.4378,744.1,586.82
META,2026-05-04 00:31:41,659.2958,743.94,586.7
META,2026-05-04 00:32:02,659.3907,744.04,586.78
META,2026-05-04 00:32:24,659.3248,743.97,586.72
META,2026-05-04 00:32:43,659.3563,744.0,586.75
META,2026-05-04 00:32:45,659.2999,743.94,586.7
META,2026-05-04 00:33:07,659.3064,743.95,586.71
META,2026-05-04 00:33:29,659.4276,744.08,586.81
META,2026-05-04 00:33:50,659.244,743.88,586.65
META,2026-05-04 00:34:12,659.375,744.02,586.77
META,2026-05-04 00:34:33,659.412,744.07,586.8
META,2026-05-04 00:34:55,659.4531,744.11,586.84
META,2026-05-04 00:35:17,659.3438,743.99,586.74
META,2026-05-04 00:35:38,659.3941,744.05,586.78
META,2026-05-04 00:36:00,659.3774,744.03,586.77
META,2026-05-04 00:36:22,659.3414,743.99,586.74
META,2026-05-04 00:36:43,659.1926,743.82,586.6
META,2026-05-04 00:37:05,659.4008,744.05,586.79
META,2026-05-04 00:37:26,659.2944,743.93,586.69
META,2026-05-04 00:37:43,659.3264,743.97,586.72
META,2026-05-04 00:37:48,659.3053,743.95,586.7
META,2026-05-04 00:38:10,659.4391,744.1,586.82
META,2026-05-04 00:38:31,659.3458,743.99,586.74
META,2026-05-04 00:38:53,659.4047,744.06,586.79
META,2026-05-04 00:39:14,659.2412,743.87,586.65
META,2026-05-04 00:39:36,659.2604,743.9,586.66
META,2026-05-04 00:39:58,659.3081,743.95,586.71
META,2026-05-04 00:40:19,659.2645,743.9,586.67
META,2026-05-04 00:40:41,659.481,744.14,586.86
META,2026-05-04 00:41:03,659.2574,743.89,586.66
META,2026-05-04 00:41:24,659.2766,743.91,586.68
META,2026-05-04 00:41:46,659.297,743.94,586.7
META,2026-05-04 00:42:07,659.4187,744.07,586.81
META,2026-05-04 00:42:29,659.2703,743.91,586.67
META,2026-05-04 00:42:43,659.3215,743.96,586.72
META,2026-05-04 00:42:51,659.4896,744.15,586.87
META,2026-05-04 00:43:12,659.2596,743.89,586.66
META,2026-05-04 00:43:34,659.3513,744.0,586.75
META,2026-05-04 00:43:55,659.3613,744.01,586.75
META,2026-05-04 00:44:17,659.2779,743.92,586.68
META,2026-05-04 00:44:39,659.4386,744.1,586.82
META,2026-05-04 00:45:00,659.3362,743.98,586.73
META,2026-05-04 00:45:22,659.2921,743.93,586.69
META,2026-05-04 00:45:44,659.3264,743.97,586.72
META,2026-05-04 00:46:05,659.3312,743.98,586.73
META,2026-05-04 00:46:27,659.28,743.92,586.68
META,2026-05-04 00:46:48,659.3598,744.01,586.75
META,2026-05-04 00:47:10,659.187,743.81,586.6
META,2026-05-04 00:47:32,659.2131,743.84,586.62
META,2026-05-04 00:47:43,659.2091,743.84,586.62
META,2026-05-04 00:47:53,659.2978,743.94,586.7
META,2026-05-04 00:48:15,659.2208,743.85,586.63
META,2026-05-04 00:48:36,659.2419,743.87,586.65
META,2026-05-04 00:48:58,659.2915,743.93,586.69
META,2026-05-04 00:49:20,659.1635,743.79,586.58
META,2026-05-04 00:49:41,659.261,743.9,586.66
META,2026-05-04 00:50:03,659.2176,743.85,586.63
META,2026-05-04 00:50:24,659.1624,743.78,586.58
META,2026-05-04 00:50:46,659.2894,743.93,586.69
META,2026-05-04 00:51:08,659.3673,744.02,586.76
META,2026-05-04 00:51:29,659.2343,743.87,586.64
META,2026-05-04 00:51:51,659.3023,743.94,586.7
META,2026-05-04 00:52:12,659.2078,743.84,586.62
META,2026-05-04 00:52:34,659.2106,743.84,586.62
META,2026-05-04 00:52:43,659.2337,743.87,586.64
META,2026-05-04 00:52:56,659.1941,743.82,586.61
META,2026-05-04 00:53:17,659.2893,743.93,586.69
META,2026-05-04 00:53:39,659.2955,743.94,586.7
META,2026-05-04 00:54:01,659.1923,743.82,586.6
META,2026-05-04 00:54:22,659.2243,743.85,586.63
META,2026-05-04 00:54:44,659.1741,743.8,586.59
META,2026-05-04 00:55:05,659.2743,743.91,586.68
META,2026-05-04 00:55:27,659.2444,743.88,586.65
META,2026-05-04 00:55:49,659.2205,743.85,586.63
META,2026-05-04 00:56:10,659.2651,743.9,586.67
META,2026-05-04 00:56:32,659.1496,743.77,586.57
META,2026-05-04 00:56:53,659.2435,743.88,586.65
META,2026-05-04 00:57:15,659.1573,743.78,586.57
META,2026-05-04 00:57:37,659.3177,743.96,586.72
META,2026-05-04 00:57:43,659.2847,743.92,586.69
META,2026-05-04 00:57:58,659.3378,743.98,586.73
META,2026-05-04 00:58:20,659.1428,743.76,586.56
META,2026-05-04 00:58:42,659.3615,744.01,586.75
META,2026-05-04 00:59:03,659.3685,744.02,586.76
META,2026-05-04 00:59:25,659.2147,743.84,586.62
META,2026-05-04 00:59:46,659.2544,743.89,586.66
META,2026-05-04 01:00:08,659.2619,743.9,586.67
META,2026-05-04 01:00:30,659.2885,743.93,586.69
META,2026-05-04 01:00:51,659.2042,743.83,586.61
META,2026-05-04 01:01:13,659.1959,743.82,586.61
META,2026-05-04 01:01:34,659.1407,743.76,586.56
META,2026-05-04 01:01:56,659.2924,743.93,586.69
META,2026-05-04 01:02:18,659.3316,743.98,586.73
META,2026-05-04 01:02:39,659.226,743.86,586.63
META,2026-05-04 01:02:43,659.2518,743.89,586.66
META,2026-05-04 01:03:01,659.1527,743.77,586.57
META,2026-05-04 01:03:22,659.2085,743.84,586.62
META,2026-05-04 01:03:44,659.0392,743.65,586.47
META,2026-05-04 01:04:06,659.2061,743.83,586.62
META,2026-05-04 01:04:27,659.1899,743.82,586.6
META,2026-05-04 01:04:45,659.1423,743.76,586.56
META,2026-05-04 01:05:07,659.3283,743.97,586.72
META,2026-05-04 01:05:29,659.3057,743.95,586.7
META,2026-05-04 01:05:50,659.2846,743.92,586.69
META,2026-05-04 01:06:12,659.3079,743.95,586.71
META,2026-05-04 01:06:33,659.1805,743.81,586.59
META,2026-05-04 01:06:55,659.2193,743.85,586.63
META,2026-05-04 01:07:17,659.2603,743.9,586.66
META,2026-05-04 01:07:38,659.2609,743.9,586.66
META,2026-05-04 01:07:40,659.2923,743.93,586.69
META,2026-05-04 01:08:00,659.2107,743.84,586.62
META,2026-05-04 01:08:21,659.1745,743.8,586.59
META,2026-05-04 01:08:43,659.4234,744.08,586.81
META,2026-05-04 01:09:05,659.1324,743.75,586.55
META,2026-05-04 01:09:26,659.1974,743.82,586.61
META,2026-05-04 01:09:48,659.2922,743.93,586.69
META,2026-05-04 01:10:10,659.2843,743.92,586.69
META,2026-05-04 01:10:31,659.2113,743.84,586.62
META,2026-05-04 01:10:53,659.1187,743.74,586.54
META,2026-05-04 01:11:14,659.285,743.92,586.69
META,2026-05-04 01:11:36,659.0672,743.68,586.49
META,2026-05-04 01:11:58,659.2948,743.93,586.7
META,2026-05-04 01:12:19,659.3267,743.97,586.72
META,2026-05-04 01:12:40,659.1527,743.77,586.57
META,2026-05-04 01:12:41,659.2215,743.85,586.63
META,2026-05-04 01:13:02,659.3018,743.94,586.7
META,2026-05-04 01:13:24,659.1132,743.73,586.53
META,2026-05-04 01:13:46,659.2082,743.84,586.62
META,2026-05-04 01:14:07,659.2632,743.9,586.67
META,2026-05-04 01:14:29,659.2236,743.85,586.63
META,2026-05-04 01:14:50,659.2951,743.93,586.7
META,2026-05-04 01:15:12,659.1998,743.83,586.61
META,2026-05-04 01:15:34,659.2912,743.93,586.69
META,2026-05-04 01:15:55,659.3722,744.02,586.76
META,2026-05-04 01:16:17,659.2583,743.89,586.66
META,2026-05-04 01:16:39,659.1929,743.82,586.6
META,2026-05-04 01:17:00,659.2213,743.85,586.63
META,2026-05-04 01:17:22,659.1973,743.82,586.61
META,2026-05-04 01:17:40,659.1971,743.82,586.61
META,2026-05-04 01:17:43,659.2064,743.83,586.62
META,2026-05-04 01:18:05,659.1835,743.81,586.6
META,2026-05-04 01:18:27,659.1957,743.82,586.61
META,2026-05-04 01:18:48,659.1664,743.79,586.58
META,2026-05-04 01:19:10,659.296,743.94,586.7
META,2026-05-04 01:19:31,659.2387,743.87,586.65
META,2026-05-04 01:19:53,659.2696,743.91,586.67
META,2026-05-04 01:20:15,659.1644,743.79,586.58
META,2026-05-04 01:20:36,659.1001,743.71,586.52
META,2026-05-04 01:20:58,659.0594,743.67,586.49
META,2026-05-04 01:21:19,659.2227,743.85,586.63
META,2026-05-04 01:21:41,659.2014,743.83,586.61
META,2026-05-04 01:22:03,659.1616,743.78,586.58
META,2026-05-04 01:22:24,659.2006,743.83,586.61
META,2026-05-04 01:22:40,659.1854,743.81,586.6
META,2026-05-04 01:22:46,659.2732,743.91,586.68
META,2026-05-04 01:23:08,659.2435,743.88,586.65
META,2026-05-04 01:23:29,659.2137,743.84,586.62
META,2026-05-04 01:23:51,659.2842,743.92,586.69
META,2026-05-04 01:24:12,659.2205,743.85,586.63
META,2026-05-04 01:24:34,659.1512,743.77,586.57
META,2026-05-04 01:24:56,659.2033,743.83,586.61
META,2026-05-04 01:25:17,659.3845,744.04,586.77
META,2026-05-04 01:25:39,659.1482,743.77,586.56
META,2026-05-04 01:26:00,659.2326,743.86,586.64
META,2026-05-04 01:26:22,659.2763,743.91,586.68
META,2026-05-04 01:26:44,659.2341,743.87,586.64
META,2026-05-04 01:27:05,659.281,743.92,586.68
META,2026-05-04 01:27:27,659.2889,743.93,586.69
META,2026-05-04 01:27:40,659.1339,743.75,586.55
META,2026-05-04 01:27:48,659.3336,743.98,586.73
META,2026-05-04 01:28:10,659.2042,743.83,586.61
META,2026-05-04 01:28:32,659.1378,743.76,586.56
META,2026-05-04 01:28:53,659.2142,743.84,586.62
META,2026-05-04 01:29:15,659.2532,743.89,586.66
META,2026-05-04 01:29:37,659.1998,743.83,586.61
META,2026-05-04 01:29:58,659.3245,743.97,586.72
META,2026-05-04 01:30:20,659.2881,743.93,586.69
META,2026-05-04 01:30:41,659.1357,743.75,586.55
META,2026-05-04 01:31:03,659.2597,743.89,586.66
META,2026-05-04 01:31:25,659.2635,743.9,586.67
META,2026-05-04 01:31:46,659.2476,743.88,586.65
META,2026-05-04 01:32:08,659.1488,743.77,586.57
META,2026-05-04 01:32:29,659.1846,743.81,586.6
META,2026-05-04 01:32:40,659.1479,743.77,586.56
META,2026-05-04 01:32:51,659.1399,743.76,586.56
META,2026-05-04 01:33:13,659.2207,743.85,586.63
META,2026-05-04 01:33:34,659.1539,743.78,586.57
META,2026-05-04 01:33:56,659.2362,743.87,586.64
META,2026-05-04 01:34:17,659.1811,743.81,586.59
META,2026-05-04 01:34:39,659.215,743.84,586.62
META,2026-05-04 01:35:01,659.2247,743.86,586.63
META,2026-05-04 01:35:22,659.1646,743.79,586.58
META,2026-05-04 01:35:44,659.1185,743.74,586.54
META,2026-05-04 01:36:06,659.1781,743.8,586.59
META,2026-05-04 01:36:27,659.2312,743.86,586.64
META,2026-05-04 01:36:49,659.1261,743.74,586.54
META,2026-05-04 01:37:10,659.1917,743.82,586.6
META,2026-05-04 01:37:32,659.1618,743.78,586.58
META,2026-05-04 01:37:40,659.2367,743.87,586.64
META,2026-05-04 01:37:54,659.0431,743.65,586.47
META,2026-05-04 01:38:15,659.2144,743.84,586.62
META,2026-05-04 01:38:37,659.0608,743.67,586.49
META,2026-05-04 01:38:59,659.1292,743.75,586.55
META,2026-05-04 01:39:20,659.3744,744.02,586.77
META,2026-05-04 01:39:42,659.1636,743.79,586.58
META,2026-05-04 01:40:03,659.3003,743.94,586.7
META,2026-05-04 01:40:25,659.1641,743.79,586.58
META,2026-05-04 01:40:47,659.156,743.78,586.57
META,2026-05-04 01:41:08,659.2316,743.86,586.64
META,2026-05-04 01:41:30,659.1067,743.72,586.53
META,2026-05-04 01:41:51,659.2014,743.83,586.61
META,2026-05-04 01:42:13,659.0864,743.7,586.51
META,2026-05-04 01:42:35,659.2366,743.87,586.64
META,2026-05-04 01:42:40,659.1563,743.78,586.57
META,2026-05-04 01:42:56,659.2453,743.88,586.65
META,2026-05-04 01:43:18,659.2296,743.86,586.64
META,2026-05-04 01:43:39,659.109,743.72,586.53
META,2026-05-04 01:44:01,659.2898,743.93,586.69
META,2026-05-04 01:44:23,659.2345,743.87,586.64
META,2026-05-04 01:44:44,659.1821,743.81,586.59
META,2026-05-04 01:45:06,659.0906,743.7,586.51
META,2026-05-04 01:45:28,659.3077,743.95,586.71
META,2026-05-04 01:45:49,659.1205,743.74,586.54
META,2026-05-04 01:46:11,659.2556,743.89,586.66
META,2026-05-04 01:46:32,659.2516,743.89,586.66
META,2026-05-04 01:46:54,659.1244,743.74,586.54
META,2026-05-04 01:47:16,659.207,743.84,586.62
META,2026-05-04 01:47:37,659.1334,743.75,586.55
META,2026-05-04 01:47:40,659.243,743.88,586.65
META,2026-05-04 01:47:59,659.276,743.91,586.68
META,2026-05-04 01:48:20,659.1181,743.73,586.54
META,2026-05-04 01:48:42,659.2386,743.87,586.65
META,2026-05-04 01:49:04,659.0617,743.67,586.49
META,2026-05-04 01:49:25,659.1455,743.77,586.56
META,2026-05-04 01:49:47,659.1764,743.8,586.59
META,2026-05-04 01:50:08,659.2132,743.84,586.62
META,2026-05-04 01:50:30,659.1967,743.82,586.61
META,2026-05-04 01:50:52,659.2553,743.89,586.66
META,2026-05-04 01:51:13,659.1412,743.76,586.56
META,2026-05-04 01:51:35,659.2379,743.87,586.64
META,2026-05-04 01:51:57,659.3664,744.02,586.76
META,2026-05-04 01:52:18,659.1963,743.82,586.61
META,2026-05-04 01:52:40,659.1765,743.8,586.59
META,2026-05-04 01:52:40,659.1349,743.75,586.55
META,2026-05-04 01:53:01,659.1687,743.79,586.58
META,2026-05-04 01:53:23,659.2063,743.83,586.62
META,2026-05-04 01:53:45,659.2797,743.92,586.68
META,2026-05-04 01:54:06,659.2189,743.85,586.63
META,2026-05-04 01:54:28,659.2319,743.86,586.64
META,2026-05-04 01:54:49,659.263,743.9,586.67
META,2026-05-04 01:55:11,659.145,743.77,586.56
META,2026-05-04 01:55:33,659.2314,743.86,586.64
META,2026-05-04 01:55:54,659.2198,743.85,586.63
META,2026-05-04 01:56:16,659.0905,743.7,586.51
META,2026-05-04 01:56:38,659.2243,743.85,586.63
META,2026-05-04 01:56:59,659.2344,743.87,586.64
META,2026-05-04 01:57:21,659.2407,743.87,586.65
META,2026-05-04 01:57:40,659.1845,743.81,586.6
META,2026-05-04 01:57:42,659.3006,743.94,586.7
META,2026-05-04 01:58:04,659.1702,743.79,586.58
META,2026-05-04 01:58:26,659.3069,743.95,586.71
META,2026-05-04 01:58:47,659.2874,743.93,586.69
META,2026-05-04 01:59:09,659.3114,743.95,586.71
META,2026-05-04 01:59:31,659.2857,743.92,586.69
META,2026-05-04 01:59:52,659.1861,743.81,586.6
META,2026-05-04 02:00:14,659.291,743.93,586.69
META,2026-05-04 02:00:35,659.2363,743.87,586.64
META,2026-05-04 02:00:57,659.1856,743.81,586.6
META,2026-05-04 02:01:19,659.2985,743.94,586.7
META,2026-05-04 02:01:40,659.0055,743.61,586.44
META,2026-05-04 02:02:02,659.1942,743.82,586.61
META,2026-05-04 02:02:24,659.1722,743.8,586.59
META,2026-05-04 02:02:40,659.1208,743.74,586.54
META,2026-05-04 02:02:45,659.2462,743.88,586.65
META,2026-05-04 02:03:07,659.1192,743.74,586.54
META,2026-05-04 02:03:28,659.1604,743.78,586.58
META,2026-05-04 02:03:50,659.2782,743.92,586.68
META,2026-05-04 02:04:12,659.1054,743.72,586.53
META,2026-05-04 02:04:33,659.1895,743.82,586.6
META,2026-05-04 02:04:55,659.2854,743.92,586.69
META,2026-05-04 02:05:17,659.2308,743.86,586.64
META,2026-05-04 02:05:38,659.2191,743.85,586.63
META,2026-05-04 02:06:00,659.3323,743.98,586.73
META,2026-05-04 02:06:22,659.2087,743.84,586.62
META,2026-05-04 02:06:43,659.3027,743.94,586.7
META,2026-05-04 02:07:05,659.1988,743.83,586.61
META,2026-05-04 02:07:26,659.0963,743.71,586.52
META,2026-05-04 02:07:41,659.2074,743.84,586.62
META,2026-05-04 02:07:48,659.1764,743.8,586.59
META,2026-05-04 02:08:10,659.1853,743.81,586.6
META,2026-05-04 02:08:31,659.1376,743.76,586.56
META,2026-05-04 02:08:53,659.2412,743.87,586.65
META,2026-05-04 02:09:15,659.1446,743.76,586.56
META,2026-05-04 02:09:36,659.2338,743.87,586.64
META,2026-05-04 02:09:58,659.1669,743.79,586.58
META,2026-05-04 02:10:19,659.1857,743.81,586.6
META,2026-05-04 02:10:41,659.294,743.93,586.69
META,2026-05-04 20:40:19,659.1263,686.4876,628.8849
META,2026-05-05 12:25:42,667.6476,753.36,594.13
META,2026-05-05 12:26:03,667.5962,753.3,594.08
META,2026-05-05 12:26:25,667.3897,753.07,593.9
META,2026-05-05 12:26:47,667.2096,752.87,593.74
META,2026-05-05 12:27:08,667.1052,752.75,593.65
META,2026-05-05 12:27:30,667.1248,752.77,593.66
META,2026-05-05 12:27:51,666.8412,752.45,593.41
META,2026-05-05 12:28:13,666.7958,752.4,593.37
META,2026-05-05 12:28:35,666.6308,752.21,593.22
META,2026-05-05 12:28:56,666.6547,752.24,593.24
META,2026-05-05 12:29:18,666.454,752.01,593.07
META,2026-05-05 12:29:19,666.565,752.14,593.16
META,2026-05-05 12:29:39,666.4312,751.99,593.05
META,2026-05-05 12:30:01,666.4322,751.99,593.05
META,2026-05-05 12:30:23,666.3041,751.84,592.93
META,2026-05-05 12:30:44,666.1921,751.72,592.83
META,2026-05-05 12:31:06,666.4116,751.96,593.03
META,2026-05-05 12:31:28,666.154,751.67,592.8
META,2026-05-05 12:31:49,666.1032,751.62,592.75
META,2026-05-05 12:32:11,666.1705,751.69,592.81
META,2026-05-05 12:32:32,666.0337,751.54,592.69
META,2026-05-05 12:32:54,666.0196,751.52,592.68
META,2026-05-05 12:33:16,665.8646,751.35,592.54
META,2026-05-05 12:33:37,665.8156,751.29,592.5
META,2026-05-05 12:33:59,665.79,751.26,592.48
META,2026-05-05 12:34:19,665.6653,751.12,592.36
META,2026-05-05 12:34:21,665.8172,751.29,592.5
META,2026-05-05 12:34:42,665.7679,751.24,592.46
META,2026-05-05 12:37:38,664.8622,696.5046,629.8889
META,2026-05-05 12:56:17,662.6883,726.11,587.45
META,2026-05-05 12:57:05,662.0677,725.43,586.9
NVDA,2026-04-26 18:46:01,195.6416,201.2283,191.5122
NVDA,2026-04-27 20:21:33,195.4148,200.9951,191.2902
NVDA,2026-05-03 00:45:42,199.3026,209.169,188.3978
NVDA,2026-05-03 00:45:54,199.315,209.1819,188.4094
NVDA,2026-05-03 00:46:16,199.3962,209.2672,188.4862
NVDA,2026-05-03 18:42:12,199.4977,209.3737,188.5821
NVDA,2026-05-03 23:37:59,199.49,209.3656,188.5749
NVDA,2026-05-03 23:38:04,199.2433,209.1067,188.3417
NVDA,2026-05-03 23:38:26,199.509,209.3856,188.5929
NVDA,2026-05-03 23:38:29,199.1559,209.015,188.2591
NVDA,2026-05-03 23:38:38,199.6583,209.5422,188.7339
NVDA,2026-05-03 23:38:47,199.6548,209.5385,188.7306
NVDA,2026-05-03 23:39:09,198.8073,208.6491,187.9296
NVDA,2026-05-03 23:39:31,199.9819,209.8818,189.0398
NVDA,2026-05-03 23:39:52,198.2805,208.0962,187.4316
NVDA,2026-05-03 23:40:14,199.8681,209.7624,188.9322
NVDA,2026-05-03 23:40:35,198.1965,208.008,187.3521
NVDA,2026-05-03 23:40:57,199.0823,208.9377,188.1895
NVDA,2026-05-03 23:41:19,198.6167,208.449,187.7493
NVDA,2026-05-03 23:41:40,198.846,208.6898,187.9661
NVDA,2026-05-03 23:42:02,198.7419,208.5805,187.8677
NVDA,2026-05-03 23:42:23,198.8115,208.6535,187.9335
NVDA,2026-05-03 23:42:42,198.7657,208.6054,187.8902
NVDA,2026-05-03 23:42:45,198.7554,208.5946,187.8805
NVDA,2026-05-03 23:43:07,198.7607,208.6002,187.8855
NVDA,2026-05-03 23:43:28,198.7738,208.6139,187.8978
NVDA,2026-05-03 23:43:50,198.7818,208.6223,187.9054
NVDA,2026-05-03 23:44:11,198.7669,208.6067,187.8913
NVDA,2026-05-03 23:44:33,198.755,208.5943,187.8801
NVDA,2026-05-03 23:44:55,198.7714,208.6115,187.8956
NVDA,2026-05-03 23:45:16,198.7402,208.5786,187.8661
NVDA,2026-05-03 23:45:38,198.7882,208.6291,187.9115
NVDA,2026-05-03 23:46:00,198.7708,208.6107,187.895
NVDA,2026-05-03 23:46:21,198.7473,208.5862,187.8728
NVDA,2026-05-03 23:46:43,198.7677,208.6075,187.8921
NVDA,2026-05-03 23:47:04,198.7502,208.5892,187.8756
NVDA,2026-05-03 23:47:26,198.7585,208.5979,187.8834
NVDA,2026-05-03 23:47:42,198.7232,208.5608,187.85
NVDA,2026-05-03 23:47:48,198.7241,208.5618,187.8509
NVDA,2026-05-03 23:48:09,198.7467,208.5855,187.8723
NVDA,2026-05-03 23:48:31,198.7615,208.601,187.8862
NVDA,2026-05-03 23:48:52,198.7461,208.5848,187.8716
NVDA,2026-05-03 23:49:14,198.7353,208.5735,187.8615
NVDA,2026-05-03 23:49:36,198.7675,208.6074,187.8919
NVDA,2026-05-03 23:49:57,198.72,208.5574,187.847
NVDA,2026-05-03 23:50:19,198.7676,208.6074,187.892
NVDA,2026-05-03 23:50:40,198.6947,208.5309,187.8231
NVDA,2026-05-03 23:51:02,198.7783,208.6187,187.9021
NVDA,2026-05-03 23:51:24,198.709,208.5459,187.8366
NVDA,2026-05-03 23:51:45,198.7297,208.5676,187.8561
NVDA,2026-05-03 23:52:07,198.7097,208.5467,187.8373
NVDA,2026-05-03 23:52:29,198.7221,208.5597,187.849
NVDA,2026-05-03 23:52:42,198.7002,208.5367,187.8283
NVDA,2026-05-03 23:52:50,198.6949,208.5312,187.8233
NVDA,2026-05-03 23:53:12,198.7151,208.5524,187.8424
NVDA,2026-05-03 23:53:33,198.7069,208.5438,187.8347
NVDA,2026-05-03 23:53:55,198.7282,208.5661,187.8547
NVDA,2026-05-03 23:54:17,198.6881,208.524,187.8169
NVDA,2026-05-03 23:54:38,198.7095,208.5465,187.8371
NVDA,2026-05-03 23:55:00,198.7174,208.5547,187.8445
NVDA,2026-05-03 23:55:21,198.73,208.568,187.8565
NVDA,2026-05-03 23:55:43,198.7083,208.5452,187.8359
NVDA,2026-05-03 23:56:05,198.7015,208.5381,187.8295
NVDA,2026-05-03 23:56:26,198.7111,208.5481,187.8386
NVDA,2026-05-03 23:56:48,198.6958,208.5321,187.8241
NVDA,2026-05-03 23:57:09,198.6929,208.5291,187.8214
NVDA,2026-05-03 23:57:31,198.726,208.5638,187.8527
NVDA,2026-05-03 23:57:42,198.6656,208.5004,187.7956
NVDA,2026-05-03 23:57:53,198.7083,208.5452,187.8359
NVDA,2026-05-03 23:58:14,198.6972,208.5336,187.8255
NVDA,2026-05-03 23:58:36,198.6994,208.5359,187.8275
NVDA,2026-05-03 23:58:58,198.7325,208.5706,187.8588
NVDA,2026-05-03 23:59:19,198.6751,208.5103,187.8045
NVDA,2026-05-03 23:59:41,198.6751,208.5103,187.8045
NVDA,2026-05-04 00:10:29,198.6905,208.5266,187.8191
NVDA,2026-05-04 00:10:51,198.6618,208.4964,187.792
NVDA,2026-05-04 00:11:12,198.6646,208.4994,187.7947
NVDA,2026-05-04 00:11:34,198.6831,208.5187,187.8121
NVDA,2026-05-04 00:11:56,198.6853,208.5211,187.8142
NVDA,2026-05-04 00:12:17,198.6638,208.4985,187.7939
NVDA,2026-05-04 00:12:39,198.6588,208.4932,187.7891
NVDA,2026-05-04 00:12:43,198.6507,208.4848,187.7815
NVDA,2026-05-04 00:13:00,198.6451,208.4788,187.7762
NVDA,2026-05-04 00:13:22,198.6884,208.5243,187.8172
NVDA,2026-05-04 00:13:44,198.6342,208.4674,187.7659
NVDA,2026-05-04 00:14:05,198.6563,208.4906,187.7867
NVDA,2026-05-04 00:14:27,198.638,208.4714,187.7695
NVDA,2026-05-04 00:14:48,198.6411,208.4747,187.7724
NVDA,2026-05-04 00:15:10,198.676,208.5112,187.8054
NVDA,2026-05-04 00:15:32,198.6648,208.4996,187.7948
NVDA,2026-05-04 00:15:53,198.6852,208.521,187.8141
NVDA,2026-05-04 00:16:15,198.6733,208.5085,187.8029
NVDA,2026-05-04 00:16:37,198.6504,208.4844,187.7812
NVDA,2026-05-04 00:16:58,198.6889,208.5248,187.8176
NVDA,2026-05-04 00:17:20,198.6864,208.5223,187.8153
NVDA,2026-05-04 00:17:41,198.6588,208.4933,187.7892
NVDA,2026-05-04 00:17:43,198.6617,208.4963,187.7919
NVDA,2026-05-04 00:18:03,198.655,208.4893,187.7856
NVDA,2026-05-04 00:18:25,198.6458,208.4796,187.7768
NVDA,2026-05-04 00:18:46,198.6539,208.4881,187.7845
NVDA,2026-05-04 00:19:08,198.6761,208.5114,187.8055
NVDA,2026-05-04 00:19:29,198.6278,208.4607,187.7598
NVDA,2026-05-04 00:19:51,198.6814,208.517,187.8105
NVDA,2026-05-04 00:20:13,198.6597,208.4942,187.79
NVDA,2026-05-04 00:20:34,198.6504,208.4844,187.7812
NVDA,2026-05-04 00:20:56,198.663,208.4976,187.7931
NVDA,2026-05-04 00:21:17,198.6329,208.4661,187.7647
NVDA,2026-05-04 00:21:39,198.6576,208.492,187.788
NVDA,2026-05-04 00:22:01,198.6552,208.4895,187.7858
NVDA,2026-05-04 00:22:22,198.6532,208.4874,187.7838
NVDA,2026-05-04 00:22:43,198.6431,208.4768,187.7744
NVDA,2026-05-04 00:22:44,198.6781,208.5135,187.8073
NVDA,2026-05-04 00:23:05,198.6849,208.5207,187.8139
NVDA,2026-05-04 00:23:27,198.646,208.4798,187.7771
NVDA,2026-05-04 00:23:49,198.6233,208.456,187.7556
NVDA,2026-05-04 00:24:10,198.6498,208.4838,187.7807
NVDA,2026-05-04 00:24:32,198.6752,208.5104,187.8046
NVDA,2026-05-04 00:24:54,198.6464,208.4803,187.7775
NVDA,2026-05-04 00:25:15,198.68,208.5155,187.8092
NVDA,2026-05-04 00:25:37,198.6649,208.4996,187.7949
NVDA,2026-05-04 00:25:58,198.6654,208.5002,187.7954
NVDA,2026-05-04 00:26:20,198.6573,208.4916,187.7877
NVDA,2026-05-04 00:26:42,198.665,208.4997,187.795
NVDA,2026-05-04 00:27:03,198.654,208.4882,187.7846
NVDA,2026-05-04 00:27:25,198.6707,208.5058,187.8004
NVDA,2026-05-04 00:27:43,198.623,208.4557,187.7553
NVDA,2026-05-04 00:27:46,198.6556,208.4899,187.7861
NVDA,2026-05-04 00:28:08,198.6654,208.5002,187.7954
NVDA,2026-05-04 00:28:30,198.6378,208.4712,187.7693
NVDA,2026-05-04 00:28:51,198.6551,208.4894,187.7857
NVDA,2026-05-04 00:29:13,198.6509,208.4849,187.7816
NVDA,2026-05-04 00:29:35,198.6603,208.4948,187.7906
NVDA,2026-05-04 00:29:56,198.6573,208.4917,187.7878
NVDA,2026-05-04 00:30:18,198.6359,208.4692,187.7675
NVDA,2026-05-04 00:30:39,198.6335,208.4667,187.7653
NVDA,2026-05-04 00:31:01,198.6509,208.4849,187.7816
NVDA,2026-05-04 00:31:23,198.6797,208.5152,187.8089
NVDA,2026-05-04 00:31:44,198.655,208.4893,187.7856
NVDA,2026-05-04 00:32:06,198.6402,208.4737,187.7716
NVDA,2026-05-04 00:32:27,198.6391,208.4726,187.7705
NVDA,2026-05-04 00:32:43,198.6243,208.4571,187.7566
NVDA,2026-05-04 00:32:49,198.64,208.4735,187.7713
NVDA,2026-05-04 00:33:11,198.6333,208.4665,187.7651
NVDA,2026-05-04 00:33:32,198.6523,208.4864,187.783
NVDA,2026-05-04 00:33:54,198.6502,208.4842,187.781
NVDA,2026-05-04 00:34:15,198.6284,208.4613,187.7604
NVDA,2026-05-04 00:34:37,198.6397,208.4733,187.7711
NVDA,2026-05-04 00:34:59,198.6591,208.4936,187.7894
NVDA,2026-05-04 00:35:20,198.6644,208.4991,187.7944
NVDA,2026-05-04 00:35:42,198.6352,208.4685,187.7669
NVDA,2026-05-04 00:36:04,198.6321,208.4652,187.7639
NVDA,2026-05-04 00:36:25,198.655,208.4893,187.7855
NVDA,2026-05-04 00:36:47,198.6622,208.4969,187.7924
NVDA,2026-05-04 00:37:08,198.6297,208.4628,187.7617
NVDA,2026-05-04 00:37:30,198.6836,208.5192,187.8126
NVDA,2026-05-04 00:37:43,198.6778,208.5131,187.8071
NVDA,2026-05-04 00:37:52,198.6622,208.4969,187.7924
NVDA,2026-05-04 00:38:13,198.635,208.4683,187.7666
NVDA,2026-05-04 00:38:35,198.6564,208.4907,187.7869
NVDA,2026-05-04 00:38:56,198.6495,208.4835,187.7803
NVDA,2026-05-04 00:39:18,198.6462,208.48,187.7772
NVDA,2026-05-04 00:39:40,198.6427,208.4764,187.7739
NVDA,2026-05-04 00:40:01,198.662,208.4966,187.7922
NVDA,2026-05-04 00:40:23,198.6456,208.4794,187.7767
NVDA,2026-05-04 00:40:45,198.649,208.483,187.7799
NVDA,2026-05-04 00:41:06,198.6369,208.4703,187.7685
NVDA,2026-05-04 00:41:28,198.624,208.4568,187.7563
NVDA,2026-05-04 00:41:49,198.6601,208.4946,187.7903
NVDA,2026-05-04 00:42:11,198.6719,208.507,187.8015
NVDA,2026-05-04 00:42:33,198.6407,208.4743,187.772
NVDA,2026-05-04 00:42:43,198.6402,208.4737,187.7716
NVDA,2026-05-04 00:42:54,198.645,208.4788,187.7761
NVDA,2026-05-04 00:43:16,198.6607,208.4953,187.791
NVDA,2026-05-04 00:43:37,198.6474,208.4813,187.7784
NVDA,2026-05-04 00:43:59,198.6645,208.4992,187.7945
NVDA,2026-05-04 00:44:21,198.6718,208.5069,187.8014
NVDA,2026-05-04 00:44:42,198.655,208.4893,187.7856
NVDA,2026-05-04 00:45:04,198.6297,208.4627,187.7616
NVDA,2026-05-04 00:45:26,198.665,208.4997,187.795
NVDA,2026-05-04 00:45:47,198.6341,208.4673,187.7658
NVDA,2026-05-04 00:46:09,198.6582,208.4926,187.7885
NVDA,2026-05-04 00:46:30,198.6572,208.4916,187.7876
NVDA,2026-05-04 00:46:52,198.6504,208.4844,187.7812
NVDA,2026-05-04 00:47:14,198.6456,208.4794,187.7767
NVDA,2026-05-04 00:47:35,198.6497,208.4837,187.7805
NVDA,2026-05-04 00:47:43,198.6536,208.4878,187.7843
NVDA,2026-05-04 00:47:57,198.624,208.4567,187.7562
NVDA,2026-05-04 00:48:18,198.667,208.5018,187.7969
NVDA,2026-05-04 00:48:40,198.6719,208.507,187.8015
NVDA,2026-05-04 00:49:02,198.6841,208.5198,187.8131
NVDA,2026-05-04 00:49:23,198.6509,208.4849,187.7816
NVDA,2026-05-04 00:49:45,198.6305,208.4635,187.7624
NVDA,2026-05-04 00:50:06,198.6284,208.4614,187.7605
NVDA,2026-05-04 00:50:28,198.6444,208.4781,187.7755
NVDA,2026-05-04 00:50:50,198.6339,208.4671,187.7656
NVDA,2026-05-04 00:51:11,198.6226,208.4552,187.7549
NVDA,2026-05-04 00:51:33,198.6533,208.4875,187.784
NVDA,2026-05-04 00:51:54,198.6451,208.4789,187.7762
NVDA,2026-05-04 00:52:16,198.624,208.4567,187.7563
NVDA,2026-05-04 00:52:38,198.6447,208.4785,187.7758
NVDA,2026-05-04 00:52:43,198.645,208.4787,187.7761
NVDA,2026-05-04 00:52:59,198.6295,208.4625,187.7615
NVDA,2026-05-04 00:53:21,198.6645,208.4992,187.7945
NVDA,2026-05-04 00:53:43,198.6637,208.4984,187.7938
NVDA,2026-05-04 00:54:04,198.6548,208.489,187.7853
NVDA,2026-05-04 00:54:26,198.6544,208.4887,187.785
NVDA,2026-05-04 00:54:47,198.6196,208.4521,187.7521
NVDA,2026-05-04 00:55:09,198.6391,208.4726,187.7705
NVDA,2026-05-04 00:55:31,198.6499,208.4839,187.7807
NVDA,2026-05-04 00:55:52,198.6402,208.4738,187.7716
NVDA,2026-05-04 00:56:14,198.6234,208.456,187.7556
NVDA,2026-05-04 00:56:35,198.6673,208.5022,187.7972
NVDA,2026-05-04 00:56:57,198.6312,208.4643,187.7631
NVDA,2026-05-04 00:57:19,198.6573,208.4917,187.7878
NVDA,2026-05-04 00:57:40,198.6507,208.4847,187.7815
NVDA,2026-05-04 00:57:43,198.6462,208.48,187.7772
NVDA,2026-05-04 00:58:02,198.6297,208.4627,187.7616
NVDA,2026-05-04 00:58:24,198.6561,208.4904,187.7866
NVDA,2026-05-04 00:58:45,198.6495,208.4835,187.7803
NVDA,2026-05-04 00:59:07,198.6442,208.4779,187.7753
NVDA,2026-05-04 00:59:28,198.6418,208.4754,187.7731
NVDA,2026-05-04 00:59:50,198.6482,208.4822,187.7792
NVDA,2026-05-04 01:00:12,198.6541,208.4883,187.7847
NVDA,2026-05-04 01:00:33,198.6548,208.4891,187.7854
NVDA,2026-05-04 01:00:55,198.655,208.4893,187.7856
NVDA,2026-05-04 01:01:16,198.6572,208.4916,187.7877
NVDA,2026-05-04 01:01:38,198.6438,208.4775,187.7749
NVDA,2026-05-04 01:02:00,198.6484,208.4823,187.7793
NVDA,2026-05-04 01:02:21,198.6287,208.4616,187.7607
NVDA,2026-05-04 01:02:43,198.6642,208.499,187.7943
NVDA,2026-05-04 01:02:43,198.6441,208.4778,187.7752
NVDA,2026-05-04 01:03:04,198.637,208.4704,187.7685
NVDA,2026-05-04 01:03:26,198.6381,208.4715,187.7696
NVDA,2026-05-04 01:03:48,198.6287,208.4617,187.7607
NVDA,2026-05-04 01:04:09,198.6457,208.4795,187.7768
NVDA,2026-05-04 01:04:27,198.6336,208.4668,187.7654
NVDA,2026-05-04 01:04:49,198.637,208.4703,187.7685
NVDA,2026-05-04 01:05:11,198.618,208.4504,187.7506
NVDA,2026-05-04 01:05:32,198.6615,208.4961,187.7917
NVDA,2026-05-04 01:05:54,198.6419,208.4755,187.7732
NVDA,2026-05-04 01:06:15,198.6584,208.4929,187.7888
NVDA,2026-05-04 01:06:37,198.6916,208.5276,187.8201
NVDA,2026-05-04 01:06:59,198.6319,208.465,187.7637
NVDA,2026-05-04 01:07:20,198.6539,208.4881,187.7845
NVDA,2026-05-04 01:07:40,198.6479,208.4818,187.7789
NVDA,2026-05-04 01:07:42,198.64,208.4735,187.7714
NVDA,2026-05-04 01:08:03,198.6263,208.4591,187.7584
NVDA,2026-05-04 01:08:25,198.6541,208.4883,187.7847
NVDA,2026-05-04 01:08:47,198.6567,208.4911,187.7872
NVDA,2026-05-04 01:09:08,198.6461,208.4799,187.7771
NVDA,2026-05-04 01:09:30,198.633,208.4661,187.7647
NVDA,2026-05-04 01:09:52,198.6273,208.4602,187.7594
NVDA,2026-05-04 01:10:13,198.6443,208.4781,187.7755
NVDA,2026-05-04 01:10:35,198.6264,208.4592,187.7585
NVDA,2026-05-04 01:10:56,198.6278,208.4607,187.7599
NVDA,2026-05-04 01:11:18,198.6502,208.4842,187.781
NVDA,2026-05-04 01:11:40,198.6534,208.4876,187.7841
NVDA,2026-05-04 01:12:01,198.666,208.5008,187.796
NVDA,2026-05-04 01:12:23,198.6187,208.4511,187.7512
NVDA,2026-05-04 01:12:40,198.6777,208.5131,187.807
NVDA,2026-05-04 01:12:45,198.658,208.4924,187.7884
NVDA,2026-05-04 01:13:06,198.6598,208.4943,187.7901
NVDA,2026-05-04 01:13:28,198.6525,208.4867,187.7832
NVDA,2026-05-04 01:13:49,198.6383,208.4717,187.7698
NVDA,2026-05-04 01:14:11,198.653,208.4872,187.7837
NVDA,2026-05-04 01:14:32,198.6256,208.4584,187.7578
NVDA,2026-05-04 01:14:54,198.6751,208.5104,187.8046
NVDA,2026-05-04 01:15:16,198.645,208.4788,187.7761
NVDA,2026-05-04 01:15:37,198.6379,208.4713,187.7694
NVDA,2026-05-04 01:15:59,198.6544,208.4886,187.785
NVDA,2026-05-04 01:16:21,198.6637,208.4984,187.7938
NVDA,2026-05-04 01:16:42,198.6535,208.4877,187.7842
NVDA,2026-05-04 01:17:04,198.6565,208.4908,187.787
NVDA,2026-05-04 01:17:25,198.6255,208.4583,187.7577
NVDA,2026-05-04 01:17:40,198.6571,208.4914,187.7875
NVDA,2026-05-04 01:17:47,198.6583,208.4927,187.7887
NVDA,2026-05-04 01:18:09,198.6521,208.4862,187.7828
NVDA,2026-05-04 01:18:30,198.629,208.462,187.761
NVDA,2026-05-04 01:18:52,198.6347,208.4679,187.7663
NVDA,2026-05-04 01:19:13,198.6729,208.5081,187.8025
NVDA,2026-05-04 01:19:35,198.654,208.4882,187.7846
NVDA,2026-05-04 01:19:57,198.6228,208.4555,187.7551
NVDA,2026-05-04 01:20:18,198.6069,208.4388,187.7401
NVDA,2026-05-04 01:20:40,198.655,208.4893,187.7856
NVDA,2026-05-04 01:21:01,198.6809,208.5164,187.81
NVDA,2026-05-04 01:21:23,198.6645,208.4993,187.7946
NVDA,2026-05-04 01:21:45,198.6489,208.4829,187.7798
NVDA,2026-05-04 01:22:06,198.663,208.4977,187.7932
NVDA,2026-05-04 01:22:28,198.6782,208.5136,187.8075
NVDA,2026-05-04 01:22:40,198.6735,208.5087,187.8031
NVDA,2026-05-04 01:22:50,198.6623,208.4969,187.7924
NVDA,2026-05-04 01:23:11,198.6553,208.4895,187.7858
NVDA,2026-05-04 01:23:33,198.6692,208.5042,187.799
NVDA,2026-05-04 01:23:54,198.6525,208.4866,187.7831
NVDA,2026-05-04 01:24:16,198.6497,208.4837,187.7805
NVDA,2026-05-04 01:24:38,198.6389,208.4723,187.7703
NVDA,2026-05-04 01:24:59,198.6559,208.4902,187.7864
NVDA,2026-05-04 01:25:21,198.6603,208.4948,187.7906
NVDA,2026-05-04 01:25:42,198.6685,208.5035,187.7984
NVDA,2026-05-04 01:26:04,198.635,208.4683,187.7667
NVDA,2026-05-04 01:26:26,198.6513,208.4854,187.7821
NVDA,2026-05-04 01:26:47,198.6234,208.4561,187.7557
NVDA,2026-05-04 01:27:09,198.6351,208.4683,187.7667
NVDA,2026-05-04 01:27:30,198.655,208.4892,187.7855
NVDA,2026-05-04 01:27:40,198.6337,208.467,187.7655
NVDA,2026-05-04 01:27:52,198.6445,208.4782,187.7756
NVDA,2026-05-04 01:28:14,198.6576,208.492,187.788
NVDA,2026-05-04 01:28:35,198.6765,208.5118,187.8059
NVDA,2026-05-04 01:28:57,198.6446,208.4783,187.7757
NVDA,2026-05-04 01:29:19,198.656,208.4903,187.7865
NVDA,2026-05-04 01:29:40,198.6425,208.4761,187.7737
NVDA,2026-05-04 01:30:02,198.6564,208.4907,187.7869
NVDA,2026-05-04 01:30:23,198.6264,208.4592,187.7585
NVDA,2026-05-04 01:30:45,198.6456,208.4794,187.7766
NVDA,2026-05-04 01:31:07,198.6553,208.4895,187.7858
NVDA,2026-05-04 01:31:28,198.6438,208.4775,187.775
NVDA,2026-05-04 01:31:50,198.6508,208.4848,187.7816
NVDA,2026-05-04 01:32:11,198.6508,208.4848,187.7815
NVDA,2026-05-04 01:32:33,198.6536,208.4878,187.7842
NVDA,2026-05-04 01:32:40,198.6729,208.508,187.8025
NVDA,2026-05-04 01:32:55,198.6406,208.4741,187.7719
NVDA,2026-05-04 01:33:16,198.6417,208.4753,187.773
NVDA,2026-05-04 01:33:38,198.6521,208.4862,187.7828
NVDA,2026-05-04 01:33:59,198.6534,208.4875,187.784
NVDA,2026-05-04 01:34:21,198.6299,208.4629,187.7618
NVDA,2026-05-04 01:34:43,198.6785,208.5139,187.8078
NVDA,2026-05-04 01:35:04,198.6701,208.5051,187.7998
NVDA,2026-05-04 01:35:26,198.6261,208.459,187.7583
NVDA,2026-05-04 01:35:48,198.6378,208.4712,187.7693
NVDA,2026-05-04 01:36:09,198.6077,208.4397,187.7409
NVDA,2026-05-04 01:36:31,198.6284,208.4613,187.7604
NVDA,2026-05-04 01:36:52,198.6689,208.5039,187.7987
NVDA,2026-05-04 01:37:14,198.6514,208.4855,187.7822
NVDA,2026-05-04 01:37:36,198.6192,208.4517,187.7517
NVDA,2026-05-04 01:37:40,198.6556,208.4898,187.7861
NVDA,2026-05-04 01:37:57,198.6765,208.5118,187.8058
NVDA,2026-05-04 01:38:19,198.6681,208.503,187.7979
NVDA,2026-05-04 01:38:41,198.6253,208.4581,187.7575
NVDA,2026-05-04 01:39:02,198.6545,208.4888,187.7851
NVDA,2026-05-04 01:39:24,198.6548,208.489,187.7853
NVDA,2026-05-04 01:39:45,198.6659,208.5007,187.7959
NVDA,2026-05-04 01:40:07,198.6485,208.4825,187.7794
NVDA,2026-05-04 01:40:29,198.6407,208.4743,187.7721
NVDA,2026-05-04 01:40:50,198.6501,208.4842,187.781
NVDA,2026-05-04 01:41:12,198.6443,208.4781,187.7755
NVDA,2026-05-04 01:41:33,198.6134,208.4456,187.7462
NVDA,2026-05-04 01:41:55,198.658,208.4925,187.7884
NVDA,2026-05-04 01:42:17,198.6281,208.461,187.7601
NVDA,2026-05-04 01:42:38,198.6565,208.4909,187.787
NVDA,2026-05-04 01:42:40,198.6666,208.5015,187.7965
NVDA,2026-05-04 01:43:00,198.6655,208.5003,187.7955
NVDA,2026-05-04 01:43:21,198.6252,208.458,187.7574
NVDA,2026-05-04 01:43:43,198.6564,208.4907,187.7869
NVDA,2026-05-04 01:44:05,198.6692,208.5042,187.799
NVDA,2026-05-04 01:44:26,198.6487,208.4827,187.7796
NVDA,2026-05-04 01:44:48,198.6536,208.4878,187.7842
NVDA,2026-05-04 01:45:10,198.6484,208.4824,187.7793
NVDA,2026-05-04 01:45:31,198.6559,208.4903,187.7864
NVDA,2026-05-04 01:45:53,198.6604,208.495,187.7907
NVDA,2026-05-04 01:46:14,198.6619,208.4965,187.7921
NVDA,2026-05-04 01:46:36,198.6546,208.4888,187.7851
NVDA,2026-05-04 01:46:58,198.6481,208.4821,187.7791
NVDA,2026-05-04 01:47:19,198.6617,208.4963,187.7919
NVDA,2026-05-04 01:47:40,198.6564,208.4908,187.7869
NVDA,2026-05-04 01:47:41,198.6564,208.4908,187.7869
NVDA,2026-05-04 01:48:02,198.6691,208.5041,187.7989
NVDA,2026-05-04 01:48:24,198.664,208.4987,187.7941
NVDA,2026-05-04 01:48:46,198.6442,208.4779,187.7754
NVDA,2026-05-04 01:49:07,198.6362,208.4695,187.7678
NVDA,2026-05-04 01:49:29,198.6429,208.4765,187.7741
NVDA,2026-05-04 01:49:50,198.6298,208.4628,187.7617
NVDA,2026-05-04 01:50:12,198.6564,208.4908,187.7869
NVDA,2026-05-04 01:50:34,198.6338,208.467,187.7655
NVDA,2026-05-04 01:50:55,198.6629,208.4975,187.793
NVDA,2026-05-04 01:51:17,198.6557,208.4899,187.7862
NVDA,2026-05-04 01:51:39,198.666,208.5008,187.796
NVDA,2026-05-04 01:52:00,198.6119,208.444,187.7448
NVDA,2026-05-04 01:52:22,198.6403,208.4738,187.7717
NVDA,2026-05-04 01:52:40,198.6195,208.452,187.752
NVDA,2026-05-04 01:52:43,198.6483,208.4823,187.7792
NVDA,2026-05-04 01:53:05,198.637,208.4704,187.7686
NVDA,2026-05-04 01:53:27,198.671,208.5061,187.8007
NVDA,2026-05-04 01:53:48,198.6712,208.5063,187.8009
NVDA,2026-05-04 01:54:10,198.6388,208.4722,187.7702
NVDA,2026-05-04 01:54:32,198.638,208.4714,187.7695
NVDA,2026-05-04 01:54:53,198.6433,208.477,187.7745
NVDA,2026-05-04 01:55:15,198.6303,208.4633,187.7622
NVDA,2026-05-04 01:55:36,198.659,208.4934,187.7893
NVDA,2026-05-04 01:55:58,198.6276,208.4605,187.7596
NVDA,2026-05-04 01:56:20,198.6571,208.4915,187.7876
NVDA,2026-05-04 01:56:41,198.6639,208.4985,187.7939
NVDA,2026-05-04 01:57:03,198.6541,208.4883,187.7847
NVDA,2026-05-04 01:57:24,198.6436,208.4773,187.7748
NVDA,2026-05-04 01:57:40,198.6483,208.4822,187.7792
NVDA,2026-05-04 01:57:46,198.6517,208.4858,187.7824
NVDA,2026-05-04 01:58:08,198.6464,208.4802,187.7774
NVDA,2026-05-04 01:58:29,198.6597,208.4942,187.79
NVDA,2026-05-04 01:58:51,198.6533,208.4875,187.7839
NVDA,2026-05-04 01:59:13,198.6427,208.4764,187.7739
NVDA,2026-05-04 01:59:34,198.6528,208.487,187.7835
NVDA,2026-05-04 01:59:56,198.6474,208.4813,187.7784
NVDA,2026-05-04 02:00:18,198.6812,208.5167,187.8103
NVDA,2026-05-04 02:00:39,198.6405,208.474,187.7719
NVDA,2026-05-04 02:01:01,198.6614,208.4959,187.7916
NVDA,2026-05-04 02:01:22,198.656,208.4904,187.7865
NVDA,2026-05-04 02:01:44,198.657,208.4914,187.7875
NVDA,2026-05-04 02:02:06,198.6632,208.4979,187.7933
NVDA,2026-05-04 02:02:27,198.6549,208.4891,187.7855
NVDA,2026-05-04 02:02:41,198.6548,208.4891,187.7854
NVDA,2026-05-04 02:02:49,198.64,208.4735,187.7714
NVDA,2026-05-04 02:03:10,198.6279,208.4608,187.7599
NVDA,2026-05-04 02:03:32,198.6451,208.4789,187.7762
NVDA,2026-05-04 02:03:54,198.6468,208.4806,187.7778
NVDA,2026-05-04 02:04:15,198.6642,208.4989,187.7942
NVDA,2026-05-04 02:04:37,198.6481,208.4821,187.7791
NVDA,2026-05-04 02:04:59,198.646,208.4798,187.777
NVDA,2026-05-04 02:05:20,198.642,208.4756,187.7733
NVDA,2026-05-04 02:05:42,198.6689,208.5038,187.7987
NVDA,2026-05-04 02:06:04,198.6571,208.4915,187.7876
NVDA,2026-05-04 02:06:25,198.6598,208.4943,187.7901
NVDA,2026-05-04 02:06:47,198.6155,208.4478,187.7482
NVDA,2026-05-04 02:07:08,198.6366,208.4699,187.7681
NVDA,2026-05-04 02:07:30,198.6366,208.4699,187.7681
NVDA,2026-05-04 02:07:41,198.6595,208.494,187.7898
NVDA,2026-05-04 02:07:52,198.6339,208.4671,187.7656
NVDA,2026-05-04 02:08:13,198.6774,208.5128,187.8067
NVDA,2026-05-04 02:08:35,198.6263,208.4591,187.7584
NVDA,2026-05-04 02:08:56,198.6263,208.4592,187.7585
NVDA,2026-05-04 02:09:18,198.6394,208.4728,187.7708
NVDA,2026-05-04 02:09:40,198.6499,208.4839,187.7808
NVDA,2026-05-04 02:10:01,198.6772,208.5126,187.8066
NVDA,2026-05-04 02:10:23,198.6457,208.4795,187.7767
NVDA,2026-05-04 02:10:45,198.6526,208.4868,187.7833
NVDA,2026-05-04 20:40:22,198.8977,208.744,188.015
NVDA,2026-05-05 12:25:45,202.4858,211.9261,192.0518
NVDA,2026-05-05 12:26:07,203.4069,212.8901,192.9254
NVDA,2026-05-05 12:26:29,202.342,211.7756,191.9154
NVDA,2026-05-05 12:26:50,203.3319,212.8116,192.8543
NVDA,2026-05-05 12:27:12,202.2748,211.7053,191.8517
NVDA,2026-05-05 12:27:33,203.2823,212.7597,192.8072
NVDA,2026-05-05 12:27:55,202.4748,211.9146,192.0414
NVDA,2026-05-05 12:28:17,203.1733,212.6457,192.7039
NVDA,2026-05-05 12:28:38,202.55,211.9932,192.1127
NVDA,2026-05-05 12:29:00,203.0537,212.5205,192.5905
NVDA,2026-05-05 12:29:19,202.5915,212.0368,192.1521
NVDA,2026-05-05 12:29:21,202.5885,212.0336,192.1492
NVDA,2026-05-05 12:29:43,203.0203,212.4855,192.5587
NVDA,2026-05-05 12:30:05,202.6931,212.1431,192.2484
NVDA,2026-05-05 12:30:26,202.9477,212.4095,192.4899
NVDA,2026-05-05 12:30:48,202.6959,212.146,192.2511
NVDA,2026-05-05 12:31:09,202.8968,212.3562,192.4416
NVDA,2026-05-05 12:31:31,202.7482,212.2007,192.3007
NVDA,2026-05-05 12:31:53,202.8919,212.3511,192.437
NVDA,2026-05-05 12:32:14,202.7464,212.1988,192.299
NVDA,2026-05-05 12:32:36,202.8882,212.3473,192.4335
NVDA,2026-05-05 12:32:58,202.7551,212.2079,192.3072
NVDA,2026-05-05 12:33:19,202.8443,212.3013,192.3919
NVDA,2026-05-05 12:33:41,202.7708,212.2244,192.3221
NVDA,2026-05-05 12:34:02,202.876,212.3345,192.4219
NVDA,2026-05-05 12:34:19,202.8087,212.264,192.3581
NVDA,2026-05-05 12:34:24,202.7895,212.2439,192.3398
NVDA,2026-05-05 12:34:46,202.8515,212.3089,192.3987
NVDA,2026-05-05 12:37:41,203.2085,212.6825,192.7373
NVDA,2026-05-05 12:56:21,203.0738,212.5415,192.6095
NVDA,2026-05-05 12:57:08,203.6648,213.1601,193.1701
